signature_hash,decision,selected_candidate_id,selected_ein,selected_name,confidence,auto_accept,validation_status,validation_error,explanation,output_json
SIG_9116c0f1a1299240f4ab94a482641d7fa2f736b4,KEEP_REPORTED_EIN,C1,956006143,REGENTS UNIV OF CALIFORNIA,0.94,1,ok,,Reported recipient EIN 956006143 was found in org_identity as 'REGENTS UNIV OF CALIFORNIA' from bmf_name. No first-pass reported-EIN contradiction was flagged. Recipient name score versus identity name is 0.706. Ollama was skipped.,"{""candidate_id"": ""C1"", ""confidence"": 0.94, ""confidence_label"": ""high"", ""decision"": ""KEEP_REPORTED_EIN"", ""explanation"": ""Reported recipient EIN 956006143 was found in org_identity as 'REGENTS UNIV OF CALIFORNIA' from bmf_name. No first-pass reported-EIN contradiction was flagged. Recipient name score versus identity name is 0.706. Ollama was skipped."", ""needs_human_review"": false, ""reason_codes"": [""reported_ein_present"", ""reported_ein_found_in_org_identity"", ""bmf_name"", ""recipient_name_weakly_agrees"", ""reported_ein_candidate_present""]}"
SIG_40d7f53ef13782856ca5d2cf135b3afd95753490,KEEP_REPORTED_EIN,C1,946002123,REGENTS OF THE UNIVERSITY OF CALIFORNIA AT BERKELEY,0.985,1,ok,,Reported recipient EIN 946002123 was found in org_identity as 'REGENTS OF THE UNIVERSITY OF CALIFORNIA AT BERKELEY' from bmf_name. No first-pass reported-EIN contradiction was flagged. Recipient name score versus identity name is 0.786. Ollama was skipped.,"{""candidate_id"": ""C1"", ""confidence"": 0.985, ""confidence_label"": ""high"", ""decision"": ""KEEP_REPORTED_EIN"", ""explanation"": ""Reported recipient EIN 946002123 was found in org_identity as 'REGENTS OF THE UNIVERSITY OF CALIFORNIA AT BERKELEY' from bmf_name. No first-pass reported-EIN contradiction was flagged. Recipient name score versus identity name is 0.786. Ollama was skipped."", ""needs_human_review"": false, ""reason_codes"": [""reported_ein_present"", ""reported_ein_found_in_org_identity"", ""bmf_name"", ""recipient_name_agrees"", ""reported_ein_candidate_present""]}"
SIG_5f637cfd1f2c468b3f00ea3c582578dfa2f594cb,KEEP_REPORTED_EIN,C1,042921338,MASS GENERAL BRIGHAM INCORPORATED,0.94,1,ok,,Reported recipient EIN 042921338 was found in org_identity as 'MASS GENERAL BRIGHAM INCORPORATED' from bmf_name. No first-pass reported-EIN contradiction was flagged. Recipient name score versus identity name is 0.518. Ollama was skipped.,"{""candidate_id"": ""C1"", ""confidence"": 0.94, ""confidence_label"": ""high"", ""decision"": ""KEEP_REPORTED_EIN"", ""explanation"": ""Reported recipient EIN 042921338 was found in org_identity as 'MASS GENERAL BRIGHAM INCORPORATED' from bmf_name. No first-pass reported-EIN contradiction was flagged. Recipient name score versus identity name is 0.518. Ollama was skipped."", ""needs_human_review"": false, ""reason_codes"": [""reported_ein_present"", ""reported_ein_found_in_org_identity"", ""bmf_name"", ""recipient_name_weakly_agrees"", ""reported_ein_candidate_present""]}"
SIG_4b8c040600ec1dc3dd7a4b10be65f770a1c8550e,KEEP_REPORTED_EIN,C1,956006144,REGENTS OF THE UNIVERSITY OF CALIFORNIA AT SAN DIEGO,0.985,1,ok,,Reported recipient EIN 956006144 was found in org_identity as 'REGENTS OF THE UNIVERSITY OF CALIFORNIA AT SAN DIEGO' from bmf_name. No first-pass reported-EIN contradiction was flagged. Recipient name score versus identity name is 0.857. Ollama was skipped.,"{""candidate_id"": ""C1"", ""confidence"": 0.985, ""confidence_label"": ""high"", ""decision"": ""KEEP_REPORTED_EIN"", ""explanation"": ""Reported recipient EIN 956006144 was found in org_identity as 'REGENTS OF THE UNIVERSITY OF CALIFORNIA AT SAN DIEGO' from bmf_name. No first-pass reported-EIN contradiction was flagged. Recipient name score versus identity name is 0.857. Ollama was skipped."", ""needs_human_review"": false, ""reason_codes"": [""reported_ein_present"", ""reported_ein_found_in_org_identity"", ""bmf_name"", ""recipient_name_agrees"", ""reported_ein_candidate_present""]}"
SIG_f7400150731bf86e7f4e7fe9e1b951f89c4a2322,KEEP_REPORTED_EIN,C1,952226406,REGENTS OF THE UNIVERSITY OF CALIFORNIA AT IRVINE,0.985,1,ok,,Reported recipient EIN 952226406 was found in org_identity as 'REGENTS OF THE UNIVERSITY OF CALIFORNIA AT IRVINE' from bmf_name. No first-pass reported-EIN contradiction was flagged. Recipient name score versus identity name is 0.775. Ollama was skipped.,"{""candidate_id"": ""C1"", ""confidence"": 0.985, ""confidence_label"": ""high"", ""decision"": ""KEEP_REPORTED_EIN"", ""explanation"": ""Reported recipient EIN 952226406 was found in org_identity as 'REGENTS OF THE UNIVERSITY OF CALIFORNIA AT IRVINE' from bmf_name. No first-pass reported-EIN contradiction was flagged. Recipient name score versus identity name is 0.775. Ollama was skipped."", ""needs_human_review"": false, ""reason_codes"": [""reported_ein_present"", ""reported_ein_found_in_org_identity"", ""bmf_name"", ""recipient_name_agrees"", ""reported_ein_candidate_present""]}"
SIG_e96e6d7595a1b1febaa02de383fc4c8cae233eed,KEEP_REPORTED_EIN,C1,586002053,AUGUSTA UNIVERSITY,0.985,1,ok,,Reported recipient EIN 586002053 was found in org_identity as 'AUGUSTA UNIVERSITY' from bmf_name. No first-pass reported-EIN contradiction was flagged. Recipient name score versus identity name is 1.000. Ollama was skipped.,"{""candidate_id"": ""C1"", ""confidence"": 0.985, ""confidence_label"": ""high"", ""decision"": ""KEEP_REPORTED_EIN"", ""explanation"": ""Reported recipient EIN 586002053 was found in org_identity as 'AUGUSTA UNIVERSITY' from bmf_name. No first-pass reported-EIN contradiction was flagged. Recipient name score versus identity name is 1.000. Ollama was skipped."", ""needs_human_review"": false, ""reason_codes"": [""reported_ein_present"", ""reported_ein_found_in_org_identity"", ""bmf_name"", ""recipient_name_agrees"", ""reported_ein_candidate_present""]}"
SIG_3854fc56e9b5703e63762132e55e9a7da131c2ba,KEEP_REPORTED_EIN,C1,042697983,MASS GENERAL BRIGHAM INCORPORATED,0.94,1,ok,,Reported recipient EIN 042697983 was found in org_identity as 'MASS GENERAL BRIGHAM INCORPORATED' from bmf_name. No first-pass reported-EIN contradiction was flagged. Recipient name score versus identity name is 0.556. Ollama was skipped.,"{""candidate_id"": ""C1"", ""confidence"": 0.94, ""confidence_label"": ""high"", ""decision"": ""KEEP_REPORTED_EIN"", ""explanation"": ""Reported recipient EIN 042697983 was found in org_identity as 'MASS GENERAL BRIGHAM INCORPORATED' from bmf_name. No first-pass reported-EIN contradiction was flagged. Recipient name score versus identity name is 0.556. Ollama was skipped."", ""needs_human_review"": false, ""reason_codes"": [""reported_ein_present"", ""reported_ein_found_in_org_identity"", ""bmf_name"", ""recipient_name_weakly_agrees"", ""reported_ein_candidate_present""]}"
SIG_b98eec2d093bc667dab355534d19317b4898076e,KEEP_REPORTED_EIN,C1,316025986,THE OHIO STATE UNIVERSITY,0.985,1,ok,,Reported recipient EIN 316025986 was found in org_identity as 'THE OHIO STATE UNIVERSITY' from bmf_name. No first-pass reported-EIN contradiction was flagged. Recipient name score versus identity name is 1.000. Ollama was skipped.,"{""candidate_id"": ""C1"", ""confidence"": 0.985, ""confidence_label"": ""high"", ""decision"": ""KEEP_REPORTED_EIN"", ""explanation"": ""Reported recipient EIN 316025986 was found in org_identity as 'THE OHIO STATE UNIVERSITY' from bmf_name. No first-pass reported-EIN contradiction was flagged. Recipient name score versus identity name is 1.000. Ollama was skipped."", ""needs_human_review"": false, ""reason_codes"": [""reported_ein_present"", ""reported_ein_found_in_org_identity"", ""bmf_name"", ""recipient_name_agrees"", ""reported_ein_candidate_present""]}"
SIG_7d26d3cda4992422be529384c68a26bdc4f77b03,KEEP_REPORTED_EIN,C1,480771751,KANSAS STATE UNIVERSITY,0.985,1,ok,,Reported recipient EIN 480771751 was found in org_identity as 'KANSAS STATE UNIVERSITY' from bmf_name. No first-pass reported-EIN contradiction was flagged. Recipient name score versus identity name is 1.000. Ollama was skipped.,"{""candidate_id"": ""C1"", ""confidence"": 0.985, ""confidence_label"": ""high"", ""decision"": ""KEEP_REPORTED_EIN"", ""explanation"": ""Reported recipient EIN 480771751 was found in org_identity as 'KANSAS STATE UNIVERSITY' from bmf_name. No first-pass reported-EIN contradiction was flagged. Recipient name score versus identity name is 1.000. Ollama was skipped."", ""needs_human_review"": false, ""reason_codes"": [""reported_ein_present"", ""reported_ein_found_in_org_identity"", ""bmf_name"", ""recipient_name_agrees"", ""reported_ein_candidate_present""]}"
SIG_2f4f78870955478ea87fc824201e6bde2ecfaafa,KEEP_REPORTED_EIN,C1,556000842,STATE OF WEST VIRGINIA,0.94,1,ok,,Reported recipient EIN 556000842 was found in org_identity as 'STATE OF WEST VIRGINIA' from bmf_name. No first-pass reported-EIN contradiction was flagged. Recipient name score versus identity name is 0.565. Ollama was skipped.,"{""candidate_id"": ""C1"", ""confidence"": 0.94, ""confidence_label"": ""high"", ""decision"": ""KEEP_REPORTED_EIN"", ""explanation"": ""Reported recipient EIN 556000842 was found in org_identity as 'STATE OF WEST VIRGINIA' from bmf_name. No first-pass reported-EIN contradiction was flagged. Recipient name score versus identity name is 0.565. Ollama was skipped."", ""needs_human_review"": false, ""reason_codes"": [""reported_ein_present"", ""reported_ein_found_in_org_identity"", ""bmf_name"", ""recipient_name_weakly_agrees"", ""reported_ein_candidate_present""]}"
SIG_d27b4b63689ec3a95c24c9ff9cfecada87223c83,KEEP_REPORTED_EIN,C1,042921338,MASS GENERAL BRIGHAM INCORPORATED,0.94,1,ok,,Reported recipient EIN 042921338 was found in org_identity as 'MASS GENERAL BRIGHAM INCORPORATED' from bmf_name. No first-pass reported-EIN contradiction was flagged. Recipient name score versus identity name is 0.412. Ollama was skipped.,"{""candidate_id"": ""C1"", ""confidence"": 0.94, ""confidence_label"": ""high"", ""decision"": ""KEEP_REPORTED_EIN"", ""explanation"": ""Reported recipient EIN 042921338 was found in org_identity as 'MASS GENERAL BRIGHAM INCORPORATED' from bmf_name. No first-pass reported-EIN contradiction was flagged. Recipient name score versus identity name is 0.412. Ollama was skipped."", ""needs_human_review"": false, ""reason_codes"": [""reported_ein_present"", ""reported_ein_found_in_org_identity"", ""bmf_name"", ""recipient_name_weakly_agrees"", ""reported_ein_candidate_present""]}"
SIG_08fd36d573e204027fae47a0f07d9b47b84b879c,KEEP_REPORTED_EIN,C1,946002123,REGENTS OF THE UNIVERSITY OF CALIFORNIA AT BERKELEY,0.985,1,ok,,Reported recipient EIN 946002123 was found in org_identity as 'REGENTS OF THE UNIVERSITY OF CALIFORNIA AT BERKELEY' from bmf_name. No first-pass reported-EIN contradiction was flagged. Recipient name score versus identity name is 0.786. Ollama was skipped.,"{""candidate_id"": ""C1"", ""confidence"": 0.985, ""confidence_label"": ""high"", ""decision"": ""KEEP_REPORTED_EIN"", ""explanation"": ""Reported recipient EIN 946002123 was found in org_identity as 'REGENTS OF THE UNIVERSITY OF CALIFORNIA AT BERKELEY' from bmf_name. No first-pass reported-EIN contradiction was flagged. Recipient name score versus identity name is 0.786. Ollama was skipped."", ""needs_human_review"": false, ""reason_codes"": [""reported_ein_present"", ""reported_ein_found_in_org_identity"", ""bmf_name"", ""recipient_name_agrees"", ""reported_ein_candidate_present""]}"
SIG_862ae6805c6c52589f0b0a5a1bcbd4fdc3e063e9,KEEP_REPORTED_EIN,C1,237093281,WORLD LITERATURE CRUSADE,0.94,1,ok,,Reported recipient EIN 237093281 was found in org_identity as 'WORLD LITERATURE CRUSADE' from bmf_name. No first-pass reported-EIN contradiction was flagged. Recipient name score versus identity name is 0.686. Ollama was skipped.,"{""candidate_id"": ""C1"", ""confidence"": 0.94, ""confidence_label"": ""high"", ""decision"": ""KEEP_REPORTED_EIN"", ""explanation"": ""Reported recipient EIN 237093281 was found in org_identity as 'WORLD LITERATURE CRUSADE' from bmf_name. No first-pass reported-EIN contradiction was flagged. Recipient name score versus identity name is 0.686. Ollama was skipped."", ""needs_human_review"": false, ""reason_codes"": [""reported_ein_present"", ""reported_ein_found_in_org_identity"", ""bmf_name"", ""recipient_name_weakly_agrees"", ""reported_ein_candidate_present""]}"
SIG_b05b4f2af79b651a8f0fb1783f655822e5c68414,KEEP_REPORTED_EIN,C1,956006145,UNIVERSITY OF CALIFORNIA SANTA BARBARA,0.985,1,ok,,Reported recipient EIN 956006145 was found in org_identity as 'UNIVERSITY OF CALIFORNIA SANTA BARBARA' from bmf_name. No first-pass reported-EIN contradiction was flagged. Recipient name score versus identity name is 1.000. Ollama was skipped.,"{""candidate_id"": ""C1"", ""confidence"": 0.985, ""confidence_label"": ""high"", ""decision"": ""KEEP_REPORTED_EIN"", ""explanation"": ""Reported recipient EIN 956006145 was found in org_identity as 'UNIVERSITY OF CALIFORNIA SANTA BARBARA' from bmf_name. No first-pass reported-EIN contradiction was flagged. Recipient name score versus identity name is 1.000. Ollama was skipped."", ""needs_human_review"": false, ""reason_codes"": [""reported_ein_present"", ""reported_ein_found_in_org_identity"", ""bmf_name"", ""recipient_name_agrees"", ""reported_ein_candidate_present""]}"
SIG_3b8b33ed8f05bcb0b0bd607460cf9dfd96f66c16,KEEP_REPORTED_EIN,C1,841908707,MASS GENERAL BRIGHAM INCORPORATED,0.985,1,ok,,Reported recipient EIN 841908707 was found in org_identity as 'MASS GENERAL BRIGHAM INCORPORATED' from bmf_name. No first-pass reported-EIN contradiction was flagged. Recipient name score versus identity name is 0.741. Ollama was skipped.,"{""candidate_id"": ""C1"", ""confidence"": 0.985, ""confidence_label"": ""high"", ""decision"": ""KEEP_REPORTED_EIN"", ""explanation"": ""Reported recipient EIN 841908707 was found in org_identity as 'MASS GENERAL BRIGHAM INCORPORATED' from bmf_name. No first-pass reported-EIN contradiction was flagged. Recipient name score versus identity name is 0.741. Ollama was skipped."", ""needs_human_review"": false, ""reason_codes"": [""reported_ein_present"", ""reported_ein_found_in_org_identity"", ""bmf_name"", ""recipient_name_agrees"", ""reported_ein_candidate_present""]}"
SIG_40a733d8feaf142361e0d4b3188ddc5ba3cb73d4,KEEP_REPORTED_EIN,C1,546001804,VIRGINIA MUSEUM OF FINE ARTS,0.985,1,ok,,Reported recipient EIN 546001804 was found in org_identity as 'VIRGINIA MUSEUM OF FINE ARTS' from bmf_name. No first-pass reported-EIN contradiction was flagged. Recipient name score versus identity name is 1.000. Ollama was skipped.,"{""candidate_id"": ""C1"", ""confidence"": 0.985, ""confidence_label"": ""high"", ""decision"": ""KEEP_REPORTED_EIN"", ""explanation"": ""Reported recipient EIN 546001804 was found in org_identity as 'VIRGINIA MUSEUM OF FINE ARTS' from bmf_name. No first-pass reported-EIN contradiction was flagged. Recipient name score versus identity name is 1.000. Ollama was skipped."", ""needs_human_review"": false, ""reason_codes"": [""reported_ein_present"", ""reported_ein_found_in_org_identity"", ""bmf_name"", ""recipient_name_agrees"", ""reported_ein_candidate_present""]}"
SIG_579c04fc99bb92039bbf70a7c4a2efbab53c490c,KEEP_REPORTED_EIN,C1,363412482,MONTANA SECTION AMERICAN WATER RESOURCES ASSOCIATION,0.94,1,ok,,Reported recipient EIN 363412482 was found in org_identity as 'MONTANA SECTION AMERICAN WATER RESOURCES ASSOCIATION' from bmf_name. No first-pass reported-EIN contradiction was flagged. Recipient name score versus identity name is 0.421. Ollama was skipped.,"{""candidate_id"": ""C1"", ""confidence"": 0.94, ""confidence_label"": ""high"", ""decision"": ""KEEP_REPORTED_EIN"", ""explanation"": ""Reported recipient EIN 363412482 was found in org_identity as 'MONTANA SECTION AMERICAN WATER RESOURCES ASSOCIATION' from bmf_name. No first-pass reported-EIN contradiction was flagged. Recipient name score versus identity name is 0.421. Ollama was skipped."", ""needs_human_review"": false, ""reason_codes"": [""reported_ein_present"", ""reported_ein_found_in_org_identity"", ""bmf_name"", ""recipient_name_weakly_agrees"", ""reported_ein_candidate_present""]}"
SIG_77cf824e5ca5dd6825481fd640f28ab350837b7d,KEEP_REPORTED_EIN,C1,556000842,STATE OF WEST VIRGINIA,0.94,1,ok,,Reported recipient EIN 556000842 was found in org_identity as 'STATE OF WEST VIRGINIA' from bmf_name. No first-pass reported-EIN contradiction was flagged. Recipient name score versus identity name is 0.565. Ollama was skipped.,"{""candidate_id"": ""C1"", ""confidence"": 0.94, ""confidence_label"": ""high"", ""decision"": ""KEEP_REPORTED_EIN"", ""explanation"": ""Reported recipient EIN 556000842 was found in org_identity as 'STATE OF WEST VIRGINIA' from bmf_name. No first-pass reported-EIN contradiction was flagged. Recipient name score versus identity name is 0.565. Ollama was skipped."", ""needs_human_review"": false, ""reason_codes"": [""reported_ein_present"", ""reported_ein_found_in_org_identity"", ""bmf_name"", ""recipient_name_weakly_agrees"", ""reported_ein_candidate_present""]}"
SIG_6e6642ad13002162885deb757c7f7078af11b299,KEEP_REPORTED_EIN,C1,951831097,WYCLIFFE BIBLE TRANSLATORS INC,0.985,1,ok,,Reported recipient EIN 951831097 was found in org_identity as 'WYCLIFFE BIBLE TRANSLATORS INC' from bmf_name. No first-pass reported-EIN contradiction was flagged. Recipient name score versus identity name is 1.000. Ollama was skipped.,"{""candidate_id"": ""C1"", ""confidence"": 0.985, ""confidence_label"": ""high"", ""decision"": ""KEEP_REPORTED_EIN"", ""explanation"": ""Reported recipient EIN 951831097 was found in org_identity as 'WYCLIFFE BIBLE TRANSLATORS INC' from bmf_name. No first-pass reported-EIN contradiction was flagged. Recipient name score versus identity name is 1.000. Ollama was skipped."", ""needs_human_review"": false, ""reason_codes"": [""reported_ein_present"", ""reported_ein_found_in_org_identity"", ""bmf_name"", ""recipient_name_agrees"", ""reported_ein_candidate_present""]}"
SIG_0171cc7d322c908dde85749633a101a3b0f657b1,KEEP_REPORTED_EIN,C1,556000842,STATE OF WEST VIRGINIA,0.94,1,ok,,Reported recipient EIN 556000842 was found in org_identity as 'STATE OF WEST VIRGINIA' from bmf_name. No first-pass reported-EIN contradiction was flagged. Recipient name score versus identity name is 0.565. Ollama was skipped.,"{""candidate_id"": ""C1"", ""confidence"": 0.94, ""confidence_label"": ""high"", ""decision"": ""KEEP_REPORTED_EIN"", ""explanation"": ""Reported recipient EIN 556000842 was found in org_identity as 'STATE OF WEST VIRGINIA' from bmf_name. No first-pass reported-EIN contradiction was flagged. Recipient name score versus identity name is 0.565. Ollama was skipped."", ""needs_human_review"": false, ""reason_codes"": [""reported_ein_present"", ""reported_ein_found_in_org_identity"", ""bmf_name"", ""recipient_name_weakly_agrees"", ""reported_ein_candidate_present""]}"
SIG_f3e0726113422f72f904cd2b922fcf97ce27f2fe,KEEP_REPORTED_EIN,C1,480771751,KANSAS STATE UNIVERSITY,0.985,1,ok,,Reported recipient EIN 480771751 was found in org_identity as 'KANSAS STATE UNIVERSITY' from bmf_name. No first-pass reported-EIN contradiction was flagged. Recipient name score versus identity name is 1.000. Ollama was skipped.,"{""candidate_id"": ""C1"", ""confidence"": 0.985, ""confidence_label"": ""high"", ""decision"": ""KEEP_REPORTED_EIN"", ""explanation"": ""Reported recipient EIN 480771751 was found in org_identity as 'KANSAS STATE UNIVERSITY' from bmf_name. No first-pass reported-EIN contradiction was flagged. Recipient name score versus identity name is 1.000. Ollama was skipped."", ""needs_human_review"": false, ""reason_codes"": [""reported_ein_present"", ""reported_ein_found_in_org_identity"", ""bmf_name"", ""recipient_name_agrees"", ""reported_ein_candidate_present""]}"
SIG_35f4da31cfd0bc2eb6fa460edebfed127b231a7e,KEEP_REPORTED_EIN,C1,941539563,REGENTS OF THE UNIVERSITY OF CALIFORNIA,0.94,1,ok,,Reported recipient EIN 941539563 was found in org_identity as 'REGENTS OF THE UNIVERSITY OF CALIFORNIA' from bmf_name. No first-pass reported-EIN contradiction was flagged. Recipient name score versus identity name is 0.515. Ollama was skipped.,"{""candidate_id"": ""C1"", ""confidence"": 0.94, ""confidence_label"": ""high"", ""decision"": ""KEEP_REPORTED_EIN"", ""explanation"": ""Reported recipient EIN 941539563 was found in org_identity as 'REGENTS OF THE UNIVERSITY OF CALIFORNIA' from bmf_name. No first-pass reported-EIN contradiction was flagged. Recipient name score versus identity name is 0.515. Ollama was skipped."", ""needs_human_review"": false, ""reason_codes"": [""reported_ein_present"", ""reported_ein_found_in_org_identity"", ""bmf_name"", ""recipient_name_weakly_agrees"", ""reported_ein_candidate_present""]}"
SIG_305d07d11878af3383401e0f260e97a5483d8d79,KEEP_REPORTED_EIN,C1,237093281,WORLD LITERATURE CRUSADE,0.94,1,ok,,Reported recipient EIN 237093281 was found in org_identity as 'WORLD LITERATURE CRUSADE' from bmf_name. No first-pass reported-EIN contradiction was flagged. Recipient name score versus identity name is 0.686. Ollama was skipped.,"{""candidate_id"": ""C1"", ""confidence"": 0.94, ""confidence_label"": ""high"", ""decision"": ""KEEP_REPORTED_EIN"", ""explanation"": ""Reported recipient EIN 237093281 was found in org_identity as 'WORLD LITERATURE CRUSADE' from bmf_name. No first-pass reported-EIN contradiction was flagged. Recipient name score versus identity name is 0.686. Ollama was skipped."", ""needs_human_review"": false, ""reason_codes"": [""reported_ein_present"", ""reported_ein_found_in_org_identity"", ""bmf_name"", ""recipient_name_weakly_agrees"", ""reported_ein_candidate_present""]}"
SIG_a92a92840ad74a8f5e05f0f39df1d06efdd90a67,KEEP_REPORTED_EIN,C1,836000331,UNIVERSITY OF WYOMING,0.985,1,ok,,Reported recipient EIN 836000331 was found in org_identity as 'UNIVERSITY OF WYOMING' from bmf_name. No first-pass reported-EIN contradiction was flagged. Recipient name score versus identity name is 1.000. Ollama was skipped.,"{""candidate_id"": ""C1"", ""confidence"": 0.985, ""confidence_label"": ""high"", ""decision"": ""KEEP_REPORTED_EIN"", ""explanation"": ""Reported recipient EIN 836000331 was found in org_identity as 'UNIVERSITY OF WYOMING' from bmf_name. No first-pass reported-EIN contradiction was flagged. Recipient name score versus identity name is 1.000. Ollama was skipped."", ""needs_human_review"": false, ""reason_codes"": [""reported_ein_present"", ""reported_ein_found_in_org_identity"", ""bmf_name"", ""recipient_name_agrees"", ""reported_ein_candidate_present""]}"
SIG_55a03e185d3470d6e00d445bd574d5b0b6ebe448,KEEP_REPORTED_EIN,C1,621869024,HOUSE OF PRAISE AND WORSHIP CHURCH,0.985,1,ok,,Reported recipient EIN 621869024 was found in org_identity as 'HOUSE OF PRAISE AND WORSHIP CHURCH' from bmf_name. No first-pass reported-EIN contradiction was flagged. Recipient name score versus identity name is 1.000. Ollama was skipped.,"{""candidate_id"": ""C1"", ""confidence"": 0.985, ""confidence_label"": ""high"", ""decision"": ""KEEP_REPORTED_EIN"", ""explanation"": ""Reported recipient EIN 621869024 was found in org_identity as 'HOUSE OF PRAISE AND WORSHIP CHURCH' from bmf_name. No first-pass reported-EIN contradiction was flagged. Recipient name score versus identity name is 1.000. Ollama was skipped."", ""needs_human_review"": false, ""reason_codes"": [""reported_ein_present"", ""reported_ein_found_in_org_identity"", ""bmf_name"", ""recipient_name_agrees"", ""reported_ein_candidate_present""]}"
SIG_d71ce2e4e2fd9ed24bf0eb1aef432dc9552b05f2,KEEP_REPORTED_EIN,C1,650246247,ONEHOPE INC,0.985,1,ok,,Reported recipient EIN 650246247 was found in org_identity as 'ONEHOPE INC' from bmf_name. No first-pass reported-EIN contradiction was flagged. Recipient name score versus identity name is 0.933. Ollama was skipped.,"{""candidate_id"": ""C1"", ""confidence"": 0.985, ""confidence_label"": ""high"", ""decision"": ""KEEP_REPORTED_EIN"", ""explanation"": ""Reported recipient EIN 650246247 was found in org_identity as 'ONEHOPE INC' from bmf_name. No first-pass reported-EIN contradiction was flagged. Recipient name score versus identity name is 0.933. Ollama was skipped."", ""needs_human_review"": false, ""reason_codes"": [""reported_ein_present"", ""reported_ein_found_in_org_identity"", ""bmf_name"", ""recipient_name_agrees"", ""reported_ein_candidate_present""]}"
SIG_7360c1f1db5ab7d9052d5221a2b0471918d059df,KEEP_REPORTED_EIN,C1,316025986,THE OHIO STATE UNIVERSITY,0.985,1,ok,,Reported recipient EIN 316025986 was found in org_identity as 'THE OHIO STATE UNIVERSITY' from bmf_name. No first-pass reported-EIN contradiction was flagged. Recipient name score versus identity name is 1.000. Ollama was skipped.,"{""candidate_id"": ""C1"", ""confidence"": 0.985, ""confidence_label"": ""high"", ""decision"": ""KEEP_REPORTED_EIN"", ""explanation"": ""Reported recipient EIN 316025986 was found in org_identity as 'THE OHIO STATE UNIVERSITY' from bmf_name. No first-pass reported-EIN contradiction was flagged. Recipient name score versus identity name is 1.000. Ollama was skipped."", ""needs_human_review"": false, ""reason_codes"": [""reported_ein_present"", ""reported_ein_found_in_org_identity"", ""bmf_name"", ""recipient_name_agrees"", ""reported_ein_candidate_present""]}"
SIG_15fd6aaa4374e31c07dd531c7bcccc141b582977,KEEP_REPORTED_EIN,C1,452721833,EMORY SAINT JOSEPHS INC,0.985,1,ok,,Reported recipient EIN 452721833 was found in org_identity as 'EMORY SAINT JOSEPHS INC' from bmf_name. No first-pass reported-EIN contradiction was flagged. Recipient name score versus identity name is 0.947. Ollama was skipped.,"{""candidate_id"": ""C1"", ""confidence"": 0.985, ""confidence_label"": ""high"", ""decision"": ""KEEP_REPORTED_EIN"", ""explanation"": ""Reported recipient EIN 452721833 was found in org_identity as 'EMORY SAINT JOSEPHS INC' from bmf_name. No first-pass reported-EIN contradiction was flagged. Recipient name score versus identity name is 0.947. Ollama was skipped."", ""needs_human_review"": false, ""reason_codes"": [""reported_ein_present"", ""reported_ein_found_in_org_identity"", ""bmf_name"", ""recipient_name_agrees"", ""reported_ein_candidate_present""]}"
SIG_4095aac6a0a6837d101768a5800dcfc6e3770aef,KEEP_REPORTED_EIN,C1,836000331,UNIVERSITY OF WYOMING,0.985,1,ok,,Reported recipient EIN 836000331 was found in org_identity as 'UNIVERSITY OF WYOMING' from bmf_name. No first-pass reported-EIN contradiction was flagged. Recipient name score versus identity name is 1.000. Ollama was skipped.,"{""candidate_id"": ""C1"", ""confidence"": 0.985, ""confidence_label"": ""high"", ""decision"": ""KEEP_REPORTED_EIN"", ""explanation"": ""Reported recipient EIN 836000331 was found in org_identity as 'UNIVERSITY OF WYOMING' from bmf_name. No first-pass reported-EIN contradiction was flagged. Recipient name score versus identity name is 1.000. Ollama was skipped."", ""needs_human_review"": false, ""reason_codes"": [""reported_ein_present"", ""reported_ein_found_in_org_identity"", ""bmf_name"", ""recipient_name_agrees"", ""reported_ein_candidate_present""]}"
SIG_a86811f4b8d3c4659292911283f2a368b15ce4b5,KEEP_REPORTED_EIN,C1,546055378,EASTERN VIRGINIA MEDICAL SCHOOL,0.985,1,ok,,Reported recipient EIN 546055378 was found in org_identity as 'EASTERN VIRGINIA MEDICAL SCHOOL' from bmf_name. No first-pass reported-EIN contradiction was flagged. Recipient name score versus identity name is 1.000. Ollama was skipped.,"{""candidate_id"": ""C1"", ""confidence"": 0.985, ""confidence_label"": ""high"", ""decision"": ""KEEP_REPORTED_EIN"", ""explanation"": ""Reported recipient EIN 546055378 was found in org_identity as 'EASTERN VIRGINIA MEDICAL SCHOOL' from bmf_name. No first-pass reported-EIN contradiction was flagged. Recipient name score versus identity name is 1.000. Ollama was skipped."", ""needs_human_review"": false, ""reason_codes"": [""reported_ein_present"", ""reported_ein_found_in_org_identity"", ""bmf_name"", ""recipient_name_agrees"", ""reported_ein_candidate_present""]}"
SIG_ca179bbf069f69fb35478d90594a82bf3a936312,KEEP_REPORTED_EIN,C1,330838929,SEED COMPANY INC,0.985,1,ok,,Reported recipient EIN 330838929 was found in org_identity as 'SEED COMPANY INC' from bmf_name. No first-pass reported-EIN contradiction was flagged. Recipient name score versus identity name is 1.000. Ollama was skipped.,"{""candidate_id"": ""C1"", ""confidence"": 0.985, ""confidence_label"": ""high"", ""decision"": ""KEEP_REPORTED_EIN"", ""explanation"": ""Reported recipient EIN 330838929 was found in org_identity as 'SEED COMPANY INC' from bmf_name. No first-pass reported-EIN contradiction was flagged. Recipient name score versus identity name is 1.000. Ollama was skipped."", ""needs_human_review"": false, ""reason_codes"": [""reported_ein_present"", ""reported_ein_found_in_org_identity"", ""bmf_name"", ""recipient_name_agrees"", ""reported_ein_candidate_present""]}"
SIG_62e69996b6ffe647e2c4b52d89ebce318df87be8,KEEP_REPORTED_EIN,C1,883013171,COME AND SEE FOUNDATION INC,0.985,1,ok,,Reported recipient EIN 883013171 was found in org_identity as 'COME AND SEE FOUNDATION INC' from bmf_name. No first-pass reported-EIN contradiction was flagged. Recipient name score versus identity name is 1.000. Ollama was skipped.,"{""candidate_id"": ""C1"", ""confidence"": 0.985, ""confidence_label"": ""high"", ""decision"": ""KEEP_REPORTED_EIN"", ""explanation"": ""Reported recipient EIN 883013171 was found in org_identity as 'COME AND SEE FOUNDATION INC' from bmf_name. No first-pass reported-EIN contradiction was flagged. Recipient name score versus identity name is 1.000. Ollama was skipped."", ""needs_human_review"": false, ""reason_codes"": [""reported_ein_present"", ""reported_ein_found_in_org_identity"", ""bmf_name"", ""recipient_name_agrees"", ""reported_ein_candidate_present""]}"
SIG_f2ae9107ad6d148286f74a404982e2c7c4010769,KEEP_REPORTED_EIN,C1,943306440,PRESIDIO TR,0.985,1,ok,,Reported recipient EIN 943306440 was found in org_identity as 'PRESIDIO TR' from bmf_name. No first-pass reported-EIN contradiction was flagged. Recipient name score versus identity name is 0.880. Ollama was skipped.,"{""candidate_id"": ""C1"", ""confidence"": 0.985, ""confidence_label"": ""high"", ""decision"": ""KEEP_REPORTED_EIN"", ""explanation"": ""Reported recipient EIN 943306440 was found in org_identity as 'PRESIDIO TR' from bmf_name. No first-pass reported-EIN contradiction was flagged. Recipient name score versus identity name is 0.880. Ollama was skipped."", ""needs_human_review"": false, ""reason_codes"": [""reported_ein_present"", ""reported_ein_found_in_org_identity"", ""bmf_name"", ""recipient_name_agrees"", ""reported_ein_candidate_present""]}"
SIG_f62214ba0445089afda7f6a1426f21549ae9b44c,KEEP_REPORTED_EIN,C1,756004221,DALLAS COUNTY HOSPITAL DISTRICT,0.985,1,ok,,Reported recipient EIN 756004221 was found in org_identity as 'DALLAS COUNTY HOSPITAL DISTRICT' from bmf_name. No first-pass reported-EIN contradiction was flagged. Recipient name score versus identity name is 1.000. Ollama was skipped.,"{""candidate_id"": ""C1"", ""confidence"": 0.985, ""confidence_label"": ""high"", ""decision"": ""KEEP_REPORTED_EIN"", ""explanation"": ""Reported recipient EIN 756004221 was found in org_identity as 'DALLAS COUNTY HOSPITAL DISTRICT' from bmf_name. No first-pass reported-EIN contradiction was flagged. Recipient name score versus identity name is 1.000. Ollama was skipped."", ""needs_human_review"": false, ""reason_codes"": [""reported_ein_present"", ""reported_ein_found_in_org_identity"", ""bmf_name"", ""recipient_name_agrees"", ""reported_ein_candidate_present""]}"
SIG_bba58de48050676d3c50485b5aae0c9226d18731,KEEP_REPORTED_EIN,C1,411917516,MAYO CLINIC,0.985,1,ok,,Reported recipient EIN 411917516 was found in org_identity as 'MAYO CLINIC' from bmf_name. No first-pass reported-EIN contradiction was flagged. Recipient name score versus identity name is 1.000. Ollama was skipped.,"{""candidate_id"": ""C1"", ""confidence"": 0.985, ""confidence_label"": ""high"", ""decision"": ""KEEP_REPORTED_EIN"", ""explanation"": ""Reported recipient EIN 411917516 was found in org_identity as 'MAYO CLINIC' from bmf_name. No first-pass reported-EIN contradiction was flagged. Recipient name score versus identity name is 1.000. Ollama was skipped."", ""needs_human_review"": false, ""reason_codes"": [""reported_ein_present"", ""reported_ein_found_in_org_identity"", ""bmf_name"", ""recipient_name_agrees"", ""reported_ein_candidate_present""]}"
SIG_ecfce17c7444e891b2b35412bee0f7e233033f20,KEEP_REPORTED_EIN,C1,951642382,ROMAN ARCHBISHOP OF LOS ANGELES A CORPORATION SOLE,0.94,1,ok,,Reported recipient EIN 951642382 was found in org_identity as 'ROMAN ARCHBISHOP OF LOS ANGELES A CORPORATION SOLE' from bmf_name. No first-pass reported-EIN contradiction was flagged. Recipient name score versus identity name is 0.553. Ollama was skipped.,"{""candidate_id"": ""C1"", ""confidence"": 0.94, ""confidence_label"": ""high"", ""decision"": ""KEEP_REPORTED_EIN"", ""explanation"": ""Reported recipient EIN 951642382 was found in org_identity as 'ROMAN ARCHBISHOP OF LOS ANGELES A CORPORATION SOLE' from bmf_name. No first-pass reported-EIN contradiction was flagged. Recipient name score versus identity name is 0.553. Ollama was skipped."", ""needs_human_review"": false, ""reason_codes"": [""reported_ein_present"", ""reported_ein_found_in_org_identity"", ""bmf_name"", ""recipient_name_weakly_agrees"", ""reported_ein_candidate_present""]}"
SIG_d47f7f9ec798b5c8d0493255e29b867a7efe6802,KEEP_REPORTED_EIN,C1,951856334,ROMAN CATHOLIC ARCHBISHOP OF LOS ANGELES A CORPORATION SOLE,0.94,1,ok,,Reported recipient EIN 951856334 was found in org_identity as 'ROMAN CATHOLIC ARCHBISHOP OF LOS ANGELES A CORPORATION SOLE' from bmf_name. No first-pass reported-EIN contradiction was flagged. Recipient name score versus identity name is 0.494. Ollama was skipped.,"{""candidate_id"": ""C1"", ""confidence"": 0.94, ""confidence_label"": ""high"", ""decision"": ""KEEP_REPORTED_EIN"", ""explanation"": ""Reported recipient EIN 951856334 was found in org_identity as 'ROMAN CATHOLIC ARCHBISHOP OF LOS ANGELES A CORPORATION SOLE' from bmf_name. No first-pass reported-EIN contradiction was flagged. Recipient name score versus identity name is 0.494. Ollama was skipped."", ""needs_human_review"": false, ""reason_codes"": [""reported_ein_present"", ""reported_ein_found_in_org_identity"", ""bmf_name"", ""recipient_name_weakly_agrees"", ""reported_ein_candidate_present""]}"
SIG_6b8700920e19195728c425388345077484de98f1,KEEP_REPORTED_EIN,C1,883013171,COME AND SEE FOUNDATION INC,0.985,1,ok,,Reported recipient EIN 883013171 was found in org_identity as 'COME AND SEE FOUNDATION INC' from bmf_name. No first-pass reported-EIN contradiction was flagged. Recipient name score versus identity name is 1.000. Ollama was skipped.,"{""candidate_id"": ""C1"", ""confidence"": 0.985, ""confidence_label"": ""high"", ""decision"": ""KEEP_REPORTED_EIN"", ""explanation"": ""Reported recipient EIN 883013171 was found in org_identity as 'COME AND SEE FOUNDATION INC' from bmf_name. No first-pass reported-EIN contradiction was flagged. Recipient name score versus identity name is 1.000. Ollama was skipped."", ""needs_human_review"": false, ""reason_codes"": [""reported_ein_present"", ""reported_ein_found_in_org_identity"", ""bmf_name"", ""recipient_name_agrees"", ""reported_ein_candidate_present""]}"
SIG_5d89cff9cf427fc045be61aecec1a80d369f9099,KEEP_REPORTED_EIN,C1,580566257,SAINT JOSEPHS HOSPITAL OF ATLANTA INC,0.985,1,ok,,Reported recipient EIN 580566257 was found in org_identity as 'SAINT JOSEPHS HOSPITAL OF ATLANTA INC' from bmf_name. No first-pass reported-EIN contradiction was flagged. Recipient name score versus identity name is 0.985. Ollama was skipped.,"{""candidate_id"": ""C1"", ""confidence"": 0.985, ""confidence_label"": ""high"", ""decision"": ""KEEP_REPORTED_EIN"", ""explanation"": ""Reported recipient EIN 580566257 was found in org_identity as 'SAINT JOSEPHS HOSPITAL OF ATLANTA INC' from bmf_name. No first-pass reported-EIN contradiction was flagged. Recipient name score versus identity name is 0.985. Ollama was skipped."", ""needs_human_review"": false, ""reason_codes"": [""reported_ein_present"", ""reported_ein_found_in_org_identity"", ""bmf_name"", ""recipient_name_agrees"", ""reported_ein_candidate_present""]}"
SIG_a5a6f7b7dc878f9fe450b9a37cdccbcefb07ef12,KEEP_REPORTED_EIN,C1,956006142,REGENTS OF THE UNIVERSITY OF CALIFORNIA AT RIVERSIDE,0.985,1,ok,,Reported recipient EIN 956006142 was found in org_identity as 'REGENTS OF THE UNIVERSITY OF CALIFORNIA AT RIVERSIDE' from bmf_name. No first-pass reported-EIN contradiction was flagged. Recipient name score versus identity name is 0.882. Ollama was skipped.,"{""candidate_id"": ""C1"", ""confidence"": 0.985, ""confidence_label"": ""high"", ""decision"": ""KEEP_REPORTED_EIN"", ""explanation"": ""Reported recipient EIN 956006142 was found in org_identity as 'REGENTS OF THE UNIVERSITY OF CALIFORNIA AT RIVERSIDE' from bmf_name. No first-pass reported-EIN contradiction was flagged. Recipient name score versus identity name is 0.882. Ollama was skipped."", ""needs_human_review"": false, ""reason_codes"": [""reported_ein_present"", ""reported_ein_found_in_org_identity"", ""bmf_name"", ""recipient_name_agrees"", ""reported_ein_candidate_present""]}"
SIG_29f99d5822f6f677b333117a30aaf2f8ab762651,KEEP_REPORTED_EIN,C1,383542119,BETHANY CHRISTIAN SERVICES,0.985,1,ok,,Reported recipient EIN 383542119 was found in org_identity as 'BETHANY CHRISTIAN SERVICES' from bmf_name. No first-pass reported-EIN contradiction was flagged. Recipient name score versus identity name is 0.812. Ollama was skipped.,"{""candidate_id"": ""C1"", ""confidence"": 0.985, ""confidence_label"": ""high"", ""decision"": ""KEEP_REPORTED_EIN"", ""explanation"": ""Reported recipient EIN 383542119 was found in org_identity as 'BETHANY CHRISTIAN SERVICES' from bmf_name. No first-pass reported-EIN contradiction was flagged. Recipient name score versus identity name is 0.812. Ollama was skipped."", ""needs_human_review"": false, ""reason_codes"": [""reported_ein_present"", ""reported_ein_found_in_org_identity"", ""bmf_name"", ""recipient_name_agrees"", ""reported_ein_candidate_present""]}"
SIG_8ed4931d20063ea571f5de5d3b68339fd2ba7656,KEEP_REPORTED_EIN,C1,042697983,MASS GENERAL BRIGHAM INCORPORATED,0.94,1,ok,,Reported recipient EIN 042697983 was found in org_identity as 'MASS GENERAL BRIGHAM INCORPORATED' from bmf_name. No first-pass reported-EIN contradiction was flagged. Recipient name score versus identity name is 0.600. Ollama was skipped.,"{""candidate_id"": ""C1"", ""confidence"": 0.94, ""confidence_label"": ""high"", ""decision"": ""KEEP_REPORTED_EIN"", ""explanation"": ""Reported recipient EIN 042697983 was found in org_identity as 'MASS GENERAL BRIGHAM INCORPORATED' from bmf_name. No first-pass reported-EIN contradiction was flagged. Recipient name score versus identity name is 0.600. Ollama was skipped."", ""needs_human_review"": false, ""reason_codes"": [""reported_ein_present"", ""reported_ein_found_in_org_identity"", ""bmf_name"", ""recipient_name_weakly_agrees"", ""reported_ein_candidate_present""]}"
SIG_b3b468d6f32741f5e9e949561f2ae8994c780bb6,KEEP_REPORTED_EIN,C1,135563422,CATHOLIC RELIEF SERVICES,0.985,1,ok,,Reported recipient EIN 135563422 was found in org_identity as 'CATHOLIC RELIEF SERVICES' from bmf_name. No first-pass reported-EIN contradiction was flagged. Recipient name score versus identity name is 1.000. Ollama was skipped.,"{""candidate_id"": ""C1"", ""confidence"": 0.985, ""confidence_label"": ""high"", ""decision"": ""KEEP_REPORTED_EIN"", ""explanation"": ""Reported recipient EIN 135563422 was found in org_identity as 'CATHOLIC RELIEF SERVICES' from bmf_name. No first-pass reported-EIN contradiction was flagged. Recipient name score versus identity name is 1.000. Ollama was skipped."", ""needs_human_review"": false, ""reason_codes"": [""reported_ein_present"", ""reported_ein_found_in_org_identity"", ""bmf_name"", ""recipient_name_agrees"", ""reported_ein_candidate_present""]}"
SIG_155fe9a28c3644571498a0f559399894d2dbac8b,KEEP_REPORTED_EIN,C1,590724459,ADVENTIST HEALTH SYSTEM-SUNBELT INC,0.94,1,ok,,Reported recipient EIN 590724459 was found in org_identity as 'ADVENTIST HEALTH SYSTEM-SUNBELT INC' from bmf_name. No first-pass reported-EIN contradiction was flagged. Recipient name score versus identity name is 0.667. Ollama was skipped.,"{""candidate_id"": ""C1"", ""confidence"": 0.94, ""confidence_label"": ""high"", ""decision"": ""KEEP_REPORTED_EIN"", ""explanation"": ""Reported recipient EIN 590724459 was found in org_identity as 'ADVENTIST HEALTH SYSTEM-SUNBELT INC' from bmf_name. No first-pass reported-EIN contradiction was flagged. Recipient name score versus identity name is 0.667. Ollama was skipped."", ""needs_human_review"": false, ""reason_codes"": [""reported_ein_present"", ""reported_ein_found_in_org_identity"", ""bmf_name"", ""recipient_name_weakly_agrees"", ""reported_ein_candidate_present""]}"
SIG_a6d3311152801d0e3f53d584becd9ba11e8d80f5,KEEP_REPORTED_EIN,C1,135563422,CATHOLIC RELIEF SERVICES,0.985,1,ok,,Reported recipient EIN 135563422 was found in org_identity as 'CATHOLIC RELIEF SERVICES' from bmf_name. No first-pass reported-EIN contradiction was flagged. Recipient name score versus identity name is 1.000. Ollama was skipped.,"{""candidate_id"": ""C1"", ""confidence"": 0.985, ""confidence_label"": ""high"", ""decision"": ""KEEP_REPORTED_EIN"", ""explanation"": ""Reported recipient EIN 135563422 was found in org_identity as 'CATHOLIC RELIEF SERVICES' from bmf_name. No first-pass reported-EIN contradiction was flagged. Recipient name score versus identity name is 1.000. Ollama was skipped."", ""needs_human_review"": false, ""reason_codes"": [""reported_ein_present"", ""reported_ein_found_in_org_identity"", ""bmf_name"", ""recipient_name_agrees"", ""reported_ein_candidate_present""]}"
SIG_a79d2cb0314ef2f5e2686fda3dc6a67c2af76f5e,KEEP_REPORTED_EIN,C1,956006144,REGENTS OF THE UNIVERSITY OF CALIFORNIA AT SAN DIEGO,0.985,1,ok,,Reported recipient EIN 956006144 was found in org_identity as 'REGENTS OF THE UNIVERSITY OF CALIFORNIA AT SAN DIEGO' from bmf_name. No first-pass reported-EIN contradiction was flagged. Recipient name score versus identity name is 0.791. Ollama was skipped.,"{""candidate_id"": ""C1"", ""confidence"": 0.985, ""confidence_label"": ""high"", ""decision"": ""KEEP_REPORTED_EIN"", ""explanation"": ""Reported recipient EIN 956006144 was found in org_identity as 'REGENTS OF THE UNIVERSITY OF CALIFORNIA AT SAN DIEGO' from bmf_name. No first-pass reported-EIN contradiction was flagged. Recipient name score versus identity name is 0.791. Ollama was skipped."", ""needs_human_review"": false, ""reason_codes"": [""reported_ein_present"", ""reported_ein_found_in_org_identity"", ""bmf_name"", ""recipient_name_agrees"", ""reported_ein_candidate_present""]}"
SIG_e10cfdee2249c3bcb828c7cca404dc4ebf2805d9,KEEP_REPORTED_EIN,C1,580566257,SAINT JOSEPHS HOSPITAL OF ATLANTA INC,0.985,1,ok,,Reported recipient EIN 580566257 was found in org_identity as 'SAINT JOSEPHS HOSPITAL OF ATLANTA INC' from bmf_name. No first-pass reported-EIN contradiction was flagged. Recipient name score versus identity name is 0.985. Ollama was skipped.,"{""candidate_id"": ""C1"", ""confidence"": 0.985, ""confidence_label"": ""high"", ""decision"": ""KEEP_REPORTED_EIN"", ""explanation"": ""Reported recipient EIN 580566257 was found in org_identity as 'SAINT JOSEPHS HOSPITAL OF ATLANTA INC' from bmf_name. No first-pass reported-EIN contradiction was flagged. Recipient name score versus identity name is 0.985. Ollama was skipped."", ""needs_human_review"": false, ""reason_codes"": [""reported_ein_present"", ""reported_ein_found_in_org_identity"", ""bmf_name"", ""recipient_name_agrees"", ""reported_ein_candidate_present""]}"
SIG_a0d9e634a24edf5c445af7200db828ddbed1a805,KEEP_REPORTED_EIN,C1,112575751,AMIDEI ZION OF BOBOV INC,0.985,1,ok,,Reported recipient EIN 112575751 was found in org_identity as 'AMIDEI ZION OF BOBOV INC' from bmf_name. No first-pass reported-EIN contradiction was flagged. Recipient name score versus identity name is 1.000. Ollama was skipped.,"{""candidate_id"": ""C1"", ""confidence"": 0.985, ""confidence_label"": ""high"", ""decision"": ""KEEP_REPORTED_EIN"", ""explanation"": ""Reported recipient EIN 112575751 was found in org_identity as 'AMIDEI ZION OF BOBOV INC' from bmf_name. No first-pass reported-EIN contradiction was flagged. Recipient name score versus identity name is 1.000. Ollama was skipped."", ""needs_human_review"": false, ""reason_codes"": [""reported_ein_present"", ""reported_ein_found_in_org_identity"", ""bmf_name"", ""recipient_name_agrees"", ""reported_ein_candidate_present""]}"
SIG_6f176ad87cecb017c1119e01c080966ad231deed,KEEP_REPORTED_EIN,C1,590724459,ADVENTIST HEALTH SYSTEM-SUNBELT INC,0.985,1,ok,,Reported recipient EIN 590724459 was found in org_identity as 'ADVENTIST HEALTH SYSTEM-SUNBELT INC' from bmf_name. No first-pass reported-EIN contradiction was flagged. Recipient name score versus identity name is 0.984. Ollama was skipped.,"{""candidate_id"": ""C1"", ""confidence"": 0.985, ""confidence_label"": ""high"", ""decision"": ""KEEP_REPORTED_EIN"", ""explanation"": ""Reported recipient EIN 590724459 was found in org_identity as 'ADVENTIST HEALTH SYSTEM-SUNBELT INC' from bmf_name. No first-pass reported-EIN contradiction was flagged. Recipient name score versus identity name is 0.984. Ollama was skipped."", ""needs_human_review"": false, ""reason_codes"": [""reported_ein_present"", ""reported_ein_found_in_org_identity"", ""bmf_name"", ""recipient_name_agrees"", ""reported_ein_candidate_present""]}"
SIG_30903a8df5915c1bc713bd031f8cbbaf989542de,KEEP_REPORTED_EIN,C1,956006173,CAMPUS CRUSADE FOR CHRIST INC,0.985,1,ok,,Reported recipient EIN 956006173 was found in org_identity as 'CAMPUS CRUSADE FOR CHRIST INC' from bmf_name. No first-pass reported-EIN contradiction was flagged. Recipient name score versus identity name is 1.000. Ollama was skipped.,"{""candidate_id"": ""C1"", ""confidence"": 0.985, ""confidence_label"": ""high"", ""decision"": ""KEEP_REPORTED_EIN"", ""explanation"": ""Reported recipient EIN 956006173 was found in org_identity as 'CAMPUS CRUSADE FOR CHRIST INC' from bmf_name. No first-pass reported-EIN contradiction was flagged. Recipient name score versus identity name is 1.000. Ollama was skipped."", ""needs_human_review"": false, ""reason_codes"": [""reported_ein_present"", ""reported_ein_found_in_org_identity"", ""bmf_name"", ""recipient_name_agrees"", ""reported_ein_candidate_present""]}"
SIG_82d00c335c25c1672a83783dab93988eaa730d3b,KEEP_REPORTED_EIN,C1,546001788,LONGWOOD UNIVERSITY,0.985,1,ok,,Reported recipient EIN 546001788 was found in org_identity as 'LONGWOOD UNIVERSITY' from bmf_name. No first-pass reported-EIN contradiction was flagged. Recipient name score versus identity name is 1.000. Ollama was skipped.,"{""candidate_id"": ""C1"", ""confidence"": 0.985, ""confidence_label"": ""high"", ""decision"": ""KEEP_REPORTED_EIN"", ""explanation"": ""Reported recipient EIN 546001788 was found in org_identity as 'LONGWOOD UNIVERSITY' from bmf_name. No first-pass reported-EIN contradiction was flagged. Recipient name score versus identity name is 1.000. Ollama was skipped."", ""needs_human_review"": false, ""reason_codes"": [""reported_ein_present"", ""reported_ein_found_in_org_identity"", ""bmf_name"", ""recipient_name_agrees"", ""reported_ein_candidate_present""]}"
SIG_ce72e32521f18fc2580a8db1f916add98f92a854,KEEP_REPORTED_EIN,C1,956006173,CAMPUS CRUSADE FOR CHRIST INC,0.985,1,ok,,Reported recipient EIN 956006173 was found in org_identity as 'CAMPUS CRUSADE FOR CHRIST INC' from bmf_name. No first-pass reported-EIN contradiction was flagged. Recipient name score versus identity name is 0.926. Ollama was skipped.,"{""candidate_id"": ""C1"", ""confidence"": 0.985, ""confidence_label"": ""high"", ""decision"": ""KEEP_REPORTED_EIN"", ""explanation"": ""Reported recipient EIN 956006173 was found in org_identity as 'CAMPUS CRUSADE FOR CHRIST INC' from bmf_name. No first-pass reported-EIN contradiction was flagged. Recipient name score versus identity name is 0.926. Ollama was skipped."", ""needs_human_review"": false, ""reason_codes"": [""reported_ein_present"", ""reported_ein_found_in_org_identity"", ""bmf_name"", ""recipient_name_agrees"", ""reported_ein_candidate_present""]}"
SIG_40a084a835ea607d6100f8df0e980b1d76b11cd7,KEEP_REPORTED_EIN,C1,540505937,PROTESTANT EPISCOPAL THEOLOGICAL SEMINARY IN VIRGINIA,0.985,1,ok,,Reported recipient EIN 540505937 was found in org_identity as 'PROTESTANT EPISCOPAL THEOLOGICAL SEMINARY IN VIRGINIA' from bmf_name. No first-pass reported-EIN contradiction was flagged. Recipient name score versus identity name is 0.872. Ollama was skipped.,"{""candidate_id"": ""C1"", ""confidence"": 0.985, ""confidence_label"": ""high"", ""decision"": ""KEEP_REPORTED_EIN"", ""explanation"": ""Reported recipient EIN 540505937 was found in org_identity as 'PROTESTANT EPISCOPAL THEOLOGICAL SEMINARY IN VIRGINIA' from bmf_name. No first-pass reported-EIN contradiction was flagged. Recipient name score versus identity name is 0.872. Ollama was skipped."", ""needs_human_review"": false, ""reason_codes"": [""reported_ein_present"", ""reported_ein_found_in_org_identity"", ""bmf_name"", ""recipient_name_agrees"", ""reported_ein_candidate_present""]}"
SIG_e73c63765d502da930453e64b63b3b18a7790e9a,KEEP_REPORTED_EIN,C1,480771751,KANSAS STATE UNIVERSITY,0.985,1,ok,,Reported recipient EIN 480771751 was found in org_identity as 'KANSAS STATE UNIVERSITY' from bmf_name. No first-pass reported-EIN contradiction was flagged. Recipient name score versus identity name is 1.000. Ollama was skipped.,"{""candidate_id"": ""C1"", ""confidence"": 0.985, ""confidence_label"": ""high"", ""decision"": ""KEEP_REPORTED_EIN"", ""explanation"": ""Reported recipient EIN 480771751 was found in org_identity as 'KANSAS STATE UNIVERSITY' from bmf_name. No first-pass reported-EIN contradiction was flagged. Recipient name score versus identity name is 1.000. Ollama was skipped."", ""needs_human_review"": false, ""reason_codes"": [""reported_ein_present"", ""reported_ein_found_in_org_identity"", ""bmf_name"", ""recipient_name_agrees"", ""reported_ein_candidate_present""]}"
SIG_3bd8f410e2ef11b7fab07b181da23b330978fccb,KEEP_REPORTED_EIN,C1,390806181,AURORA HEALTH CARE INC,0.985,1,ok,,Reported recipient EIN 390806181 was found in org_identity as 'AURORA HEALTH CARE INC' from bmf_name. No first-pass reported-EIN contradiction was flagged. Recipient name score versus identity name is 0.857. Ollama was skipped.,"{""candidate_id"": ""C1"", ""confidence"": 0.985, ""confidence_label"": ""high"", ""decision"": ""KEEP_REPORTED_EIN"", ""explanation"": ""Reported recipient EIN 390806181 was found in org_identity as 'AURORA HEALTH CARE INC' from bmf_name. No first-pass reported-EIN contradiction was flagged. Recipient name score versus identity name is 0.857. Ollama was skipped."", ""needs_human_review"": false, ""reason_codes"": [""reported_ein_present"", ""reported_ein_found_in_org_identity"", ""bmf_name"", ""recipient_name_agrees"", ""reported_ein_candidate_present""]}"
SIG_39f0f61830327a4b2d486f1c951d84b6cebaaef8,KEEP_REPORTED_EIN,C1,042104921,ST SEBASTIANS SCHOOL INC,0.985,1,ok,,Reported recipient EIN 042104921 was found in org_identity as 'ST SEBASTIANS SCHOOL INC' from bmf_name. No first-pass reported-EIN contradiction was flagged. Recipient name score versus identity name is 0.979. Ollama was skipped.,"{""candidate_id"": ""C1"", ""confidence"": 0.985, ""confidence_label"": ""high"", ""decision"": ""KEEP_REPORTED_EIN"", ""explanation"": ""Reported recipient EIN 042104921 was found in org_identity as 'ST SEBASTIANS SCHOOL INC' from bmf_name. No first-pass reported-EIN contradiction was flagged. Recipient name score versus identity name is 0.979. Ollama was skipped."", ""needs_human_review"": false, ""reason_codes"": [""reported_ein_present"", ""reported_ein_found_in_org_identity"", ""bmf_name"", ""recipient_name_agrees"", ""reported_ein_candidate_present""]}"
SIG_a5662574048d0798fd3f4ca9ef204f31297ea933,KEEP_REPORTED_EIN,C1,113254483,COLEL CHABAD,0.985,1,ok,,Reported recipient EIN 113254483 was found in org_identity as 'COLEL CHABAD' from bmf_name. No first-pass reported-EIN contradiction was flagged. Recipient name score versus identity name is 1.000. Ollama was skipped.,"{""candidate_id"": ""C1"", ""confidence"": 0.985, ""confidence_label"": ""high"", ""decision"": ""KEEP_REPORTED_EIN"", ""explanation"": ""Reported recipient EIN 113254483 was found in org_identity as 'COLEL CHABAD' from bmf_name. No first-pass reported-EIN contradiction was flagged. Recipient name score versus identity name is 1.000. Ollama was skipped."", ""needs_human_review"": false, ""reason_codes"": [""reported_ein_present"", ""reported_ein_found_in_org_identity"", ""bmf_name"", ""recipient_name_agrees"", ""reported_ein_candidate_present""]}"
SIG_95d3bff051644fd10a5f803f710387620ba9ccc4,KEEP_REPORTED_EIN,C1,591206516,INDIAN RIVER STATE COLLEGE,0.985,1,ok,,Reported recipient EIN 591206516 was found in org_identity as 'INDIAN RIVER STATE COLLEGE' from bmf_name. No first-pass reported-EIN contradiction was flagged. Recipient name score versus identity name is 1.000. Ollama was skipped.,"{""candidate_id"": ""C1"", ""confidence"": 0.985, ""confidence_label"": ""high"", ""decision"": ""KEEP_REPORTED_EIN"", ""explanation"": ""Reported recipient EIN 591206516 was found in org_identity as 'INDIAN RIVER STATE COLLEGE' from bmf_name. No first-pass reported-EIN contradiction was flagged. Recipient name score versus identity name is 1.000. Ollama was skipped."", ""needs_human_review"": false, ""reason_codes"": [""reported_ein_present"", ""reported_ein_found_in_org_identity"", ""bmf_name"", ""recipient_name_agrees"", ""reported_ein_candidate_present""]}"
SIG_276cec32f114d7e47e24067601dad49bdaa2a60b,KEEP_REPORTED_EIN,C1,060923895,LEGION OF CHRIST INC,0.985,1,ok,,Reported recipient EIN 060923895 was found in org_identity as 'LEGION OF CHRIST INC' from bmf_name. No first-pass reported-EIN contradiction was flagged. Recipient name score versus identity name is 1.000. Ollama was skipped.,"{""candidate_id"": ""C1"", ""confidence"": 0.985, ""confidence_label"": ""high"", ""decision"": ""KEEP_REPORTED_EIN"", ""explanation"": ""Reported recipient EIN 060923895 was found in org_identity as 'LEGION OF CHRIST INC' from bmf_name. No first-pass reported-EIN contradiction was flagged. Recipient name score versus identity name is 1.000. Ollama was skipped."", ""needs_human_review"": false, ""reason_codes"": [""reported_ein_present"", ""reported_ein_found_in_org_identity"", ""bmf_name"", ""recipient_name_agrees"", ""reported_ein_candidate_present""]}"
SIG_a3c9a97078ce495120a04ac0578e9f8cebc7aea5,KEEP_REPORTED_EIN,C1,956006173,CAMPUS CRUSADE FOR CHRIST INC,0.985,1,ok,,Reported recipient EIN 956006173 was found in org_identity as 'CAMPUS CRUSADE FOR CHRIST INC' from bmf_name. No first-pass reported-EIN contradiction was flagged. Recipient name score versus identity name is 0.926. Ollama was skipped.,"{""candidate_id"": ""C1"", ""confidence"": 0.985, ""confidence_label"": ""high"", ""decision"": ""KEEP_REPORTED_EIN"", ""explanation"": ""Reported recipient EIN 956006173 was found in org_identity as 'CAMPUS CRUSADE FOR CHRIST INC' from bmf_name. No first-pass reported-EIN contradiction was flagged. Recipient name score versus identity name is 0.926. Ollama was skipped."", ""needs_human_review"": false, ""reason_codes"": [""reported_ein_present"", ""reported_ein_found_in_org_identity"", ""bmf_name"", ""recipient_name_agrees"", ""reported_ein_candidate_present""]}"
SIG_cd6e2d28104441a521c4ac537a23198bbad1e98b,KEEP_REPORTED_EIN,C1,540505886,CHURCH SCHOOLS IN THE DIOCESE OF VIRGINIA,0.94,1,ok,,Reported recipient EIN 540505886 was found in org_identity as 'CHURCH SCHOOLS IN THE DIOCESE OF VIRGINIA' from bmf_name. No first-pass reported-EIN contradiction was flagged. Recipient name score versus identity name is 0.680. Ollama was skipped.,"{""candidate_id"": ""C1"", ""confidence"": 0.94, ""confidence_label"": ""high"", ""decision"": ""KEEP_REPORTED_EIN"", ""explanation"": ""Reported recipient EIN 540505886 was found in org_identity as 'CHURCH SCHOOLS IN THE DIOCESE OF VIRGINIA' from bmf_name. No first-pass reported-EIN contradiction was flagged. Recipient name score versus identity name is 0.680. Ollama was skipped."", ""needs_human_review"": false, ""reason_codes"": [""reported_ein_present"", ""reported_ein_found_in_org_identity"", ""bmf_name"", ""recipient_name_weakly_agrees"", ""reported_ein_candidate_present""]}"
SIG_7441c59136cf45f7bce706c01bc3549c570e2028,KEEP_REPORTED_EIN,C1,546001804,VIRGINIA MUSEUM OF FINE ARTS,0.985,1,ok,,Reported recipient EIN 546001804 was found in org_identity as 'VIRGINIA MUSEUM OF FINE ARTS' from bmf_name. No first-pass reported-EIN contradiction was flagged. Recipient name score versus identity name is 1.000. Ollama was skipped.,"{""candidate_id"": ""C1"", ""confidence"": 0.985, ""confidence_label"": ""high"", ""decision"": ""KEEP_REPORTED_EIN"", ""explanation"": ""Reported recipient EIN 546001804 was found in org_identity as 'VIRGINIA MUSEUM OF FINE ARTS' from bmf_name. No first-pass reported-EIN contradiction was flagged. Recipient name score versus identity name is 1.000. Ollama was skipped."", ""needs_human_review"": false, ""reason_codes"": [""reported_ein_present"", ""reported_ein_found_in_org_identity"", ""bmf_name"", ""recipient_name_agrees"", ""reported_ein_candidate_present""]}"
SIG_32bcedfd4e1a2c70bc7b84550fb9bce82e31fbc9,KEEP_REPORTED_EIN,C1,756002618,TEXAS WOMANS UNIVERSITY,0.985,1,ok,,Reported recipient EIN 756002618 was found in org_identity as 'TEXAS WOMANS UNIVERSITY' from bmf_name. No first-pass reported-EIN contradiction was flagged. Recipient name score versus identity name is 1.000. Ollama was skipped.,"{""candidate_id"": ""C1"", ""confidence"": 0.985, ""confidence_label"": ""high"", ""decision"": ""KEEP_REPORTED_EIN"", ""explanation"": ""Reported recipient EIN 756002618 was found in org_identity as 'TEXAS WOMANS UNIVERSITY' from bmf_name. No first-pass reported-EIN contradiction was flagged. Recipient name score versus identity name is 1.000. Ollama was skipped."", ""needs_human_review"": false, ""reason_codes"": [""reported_ein_present"", ""reported_ein_found_in_org_identity"", ""bmf_name"", ""recipient_name_agrees"", ""reported_ein_candidate_present""]}"
SIG_134044120f8cf6264bed77625f5e281bf853b83b,KEEP_REPORTED_EIN,C1,474457035,ARMY WEST POINT ATHLETIC ASSOCIATION INC,0.985,1,ok,,Reported recipient EIN 474457035 was found in org_identity as 'ARMY WEST POINT ATHLETIC ASSOCIATION INC' from bmf_name. No first-pass reported-EIN contradiction was flagged. Recipient name score versus identity name is 1.000. Ollama was skipped.,"{""candidate_id"": ""C1"", ""confidence"": 0.985, ""confidence_label"": ""high"", ""decision"": ""KEEP_REPORTED_EIN"", ""explanation"": ""Reported recipient EIN 474457035 was found in org_identity as 'ARMY WEST POINT ATHLETIC ASSOCIATION INC' from bmf_name. No first-pass reported-EIN contradiction was flagged. Recipient name score versus identity name is 1.000. Ollama was skipped."", ""needs_human_review"": false, ""reason_codes"": [""reported_ein_present"", ""reported_ein_found_in_org_identity"", ""bmf_name"", ""recipient_name_agrees"", ""reported_ein_candidate_present""]}"
SIG_9d23db664106910878d6a9f683bd8d1f32a0ee03,KEEP_REPORTED_EIN,C1,930386869,MOUNT ANGEL ABBEY,0.985,1,ok,,Reported recipient EIN 930386869 was found in org_identity as 'MOUNT ANGEL ABBEY' from bmf_name. No first-pass reported-EIN contradiction was flagged. Recipient name score versus identity name is 1.000. Ollama was skipped.,"{""candidate_id"": ""C1"", ""confidence"": 0.985, ""confidence_label"": ""high"", ""decision"": ""KEEP_REPORTED_EIN"", ""explanation"": ""Reported recipient EIN 930386869 was found in org_identity as 'MOUNT ANGEL ABBEY' from bmf_name. No first-pass reported-EIN contradiction was flagged. Recipient name score versus identity name is 1.000. Ollama was skipped."", ""needs_human_review"": false, ""reason_codes"": [""reported_ein_present"", ""reported_ein_found_in_org_identity"", ""bmf_name"", ""recipient_name_agrees"", ""reported_ein_candidate_present""]}"
SIG_ccefd5b00f484eeafcfae0cae9798c21a7516bd5,KEEP_REPORTED_EIN,C1,210634542,BETH MEDRASH GOVOHA OF AMERICA,0.985,1,ok,,Reported recipient EIN 210634542 was found in org_identity as 'BETH MEDRASH GOVOHA OF AMERICA' from bmf_name. No first-pass reported-EIN contradiction was flagged. Recipient name score versus identity name is 1.000. Ollama was skipped.,"{""candidate_id"": ""C1"", ""confidence"": 0.985, ""confidence_label"": ""high"", ""decision"": ""KEEP_REPORTED_EIN"", ""explanation"": ""Reported recipient EIN 210634542 was found in org_identity as 'BETH MEDRASH GOVOHA OF AMERICA' from bmf_name. No first-pass reported-EIN contradiction was flagged. Recipient name score versus identity name is 1.000. Ollama was skipped."", ""needs_human_review"": false, ""reason_codes"": [""reported_ein_present"", ""reported_ein_found_in_org_identity"", ""bmf_name"", ""recipient_name_agrees"", ""reported_ein_candidate_present""]}"
SIG_7416631d503aa5b5cde9a61b7fb64ee9ff5c1781,KEEP_REPORTED_EIN,C1,883013171,COME AND SEE FOUNDATION INC,0.985,1,ok,,Reported recipient EIN 883013171 was found in org_identity as 'COME AND SEE FOUNDATION INC' from bmf_name. No first-pass reported-EIN contradiction was flagged. Recipient name score versus identity name is 1.000. Ollama was skipped.,"{""candidate_id"": ""C1"", ""confidence"": 0.985, ""confidence_label"": ""high"", ""decision"": ""KEEP_REPORTED_EIN"", ""explanation"": ""Reported recipient EIN 883013171 was found in org_identity as 'COME AND SEE FOUNDATION INC' from bmf_name. No first-pass reported-EIN contradiction was flagged. Recipient name score versus identity name is 1.000. Ollama was skipped."", ""needs_human_review"": false, ""reason_codes"": [""reported_ein_present"", ""reported_ein_found_in_org_identity"", ""bmf_name"", ""recipient_name_agrees"", ""reported_ein_candidate_present""]}"
SIG_096effb1f087861e008affd62d58b3fb39ee336c,KEEP_REPORTED_EIN,C1,650851346,TRUE TABERNACLE OF JESUS CHRIST MINISTRIES INC,0.985,1,ok,,Reported recipient EIN 650851346 was found in org_identity as 'TRUE TABERNACLE OF JESUS CHRIST MINISTRIES INC' from bmf_name. No first-pass reported-EIN contradiction was flagged. Recipient name score versus identity name is 1.000. Ollama was skipped.,"{""candidate_id"": ""C1"", ""confidence"": 0.985, ""confidence_label"": ""high"", ""decision"": ""KEEP_REPORTED_EIN"", ""explanation"": ""Reported recipient EIN 650851346 was found in org_identity as 'TRUE TABERNACLE OF JESUS CHRIST MINISTRIES INC' from bmf_name. No first-pass reported-EIN contradiction was flagged. Recipient name score versus identity name is 1.000. Ollama was skipped."", ""needs_human_review"": false, ""reason_codes"": [""reported_ein_present"", ""reported_ein_found_in_org_identity"", ""bmf_name"", ""recipient_name_agrees"", ""reported_ein_candidate_present""]}"
SIG_c1667ff01aa1dc02076b139d9c8b106b99cb905a,KEEP_REPORTED_EIN,C1,134098775,CONGREGATION OHR TORAH INC,0.985,1,ok,,Reported recipient EIN 134098775 was found in org_identity as 'CONGREGATION OHR TORAH INC' from bmf_name. No first-pass reported-EIN contradiction was flagged. Recipient name score versus identity name is 1.000. Ollama was skipped.,"{""candidate_id"": ""C1"", ""confidence"": 0.985, ""confidence_label"": ""high"", ""decision"": ""KEEP_REPORTED_EIN"", ""explanation"": ""Reported recipient EIN 134098775 was found in org_identity as 'CONGREGATION OHR TORAH INC' from bmf_name. No first-pass reported-EIN contradiction was flagged. Recipient name score versus identity name is 1.000. Ollama was skipped."", ""needs_human_review"": false, ""reason_codes"": [""reported_ein_present"", ""reported_ein_found_in_org_identity"", ""bmf_name"", ""recipient_name_agrees"", ""reported_ein_candidate_present""]}"
SIG_a966b8a94f00f845afc00b3bcc0238450490a3a1,KEEP_REPORTED_EIN,C1,741109743,CATHOLIC CHARITIES ARCHDIOCESE OF SAN ANTONIO INC,0.985,1,ok,,Reported recipient EIN 741109743 was found in org_identity as 'CATHOLIC CHARITIES ARCHDIOCESE OF SAN ANTONIO INC' from bmf_name. No first-pass reported-EIN contradiction was flagged. Recipient name score versus identity name is 1.000. Ollama was skipped.,"{""candidate_id"": ""C1"", ""confidence"": 0.985, ""confidence_label"": ""high"", ""decision"": ""KEEP_REPORTED_EIN"", ""explanation"": ""Reported recipient EIN 741109743 was found in org_identity as 'CATHOLIC CHARITIES ARCHDIOCESE OF SAN ANTONIO INC' from bmf_name. No first-pass reported-EIN contradiction was flagged. Recipient name score versus identity name is 1.000. Ollama was skipped."", ""needs_human_review"": false, ""reason_codes"": [""reported_ein_present"", ""reported_ein_found_in_org_identity"", ""bmf_name"", ""recipient_name_agrees"", ""reported_ein_candidate_present""]}"
SIG_9f9aee99b9d0f06d3d77fdc3dd49920e5a30fc22,KEEP_REPORTED_EIN,C1,741256497,MISSIONARY OBLATES OF MARY IMMACULATE SOUTHERN PROVINCE,0.94,1,ok,,Reported recipient EIN 741256497 was found in org_identity as 'MISSIONARY OBLATES OF MARY IMMACULATE SOUTHERN PROVINCE' from bmf_name. No first-pass reported-EIN contradiction was flagged. Recipient name score versus identity name is 0.474. Ollama was skipped.,"{""candidate_id"": ""C1"", ""confidence"": 0.94, ""confidence_label"": ""high"", ""decision"": ""KEEP_REPORTED_EIN"", ""explanation"": ""Reported recipient EIN 741256497 was found in org_identity as 'MISSIONARY OBLATES OF MARY IMMACULATE SOUTHERN PROVINCE' from bmf_name. No first-pass reported-EIN contradiction was flagged. Recipient name score versus identity name is 0.474. Ollama was skipped."", ""needs_human_review"": false, ""reason_codes"": [""reported_ein_present"", ""reported_ein_found_in_org_identity"", ""bmf_name"", ""recipient_name_weakly_agrees"", ""reported_ein_candidate_present""]}"
SIG_64ee4d9c6d36da4b97bdb8f1e5ecad9552f755db,KEEP_REPORTED_EIN,C1,311036370,NATIONWIDE CHILDRENS HOSPITAL INC,0.985,1,ok,,Reported recipient EIN 311036370 was found in org_identity as 'NATIONWIDE CHILDRENS HOSPITAL INC' from bmf_name. No first-pass reported-EIN contradiction was flagged. Recipient name score versus identity name is 0.983. Ollama was skipped.,"{""candidate_id"": ""C1"", ""confidence"": 0.985, ""confidence_label"": ""high"", ""decision"": ""KEEP_REPORTED_EIN"", ""explanation"": ""Reported recipient EIN 311036370 was found in org_identity as 'NATIONWIDE CHILDRENS HOSPITAL INC' from bmf_name. No first-pass reported-EIN contradiction was flagged. Recipient name score versus identity name is 0.983. Ollama was skipped."", ""needs_human_review"": false, ""reason_codes"": [""reported_ein_present"", ""reported_ein_found_in_org_identity"", ""bmf_name"", ""recipient_name_agrees"", ""reported_ein_candidate_present""]}"
SIG_8ab0601a4dc8793b1438f24b8d9fb456a2748dd5,KEEP_REPORTED_EIN,C1,946036493,UNIVERSITY OF CALIFORNIA SAN FRANCISCO,0.94,1,ok,,Reported recipient EIN 946036493 was found in org_identity as 'UNIVERSITY OF CALIFORNIA SAN FRANCISCO' from bmf_name. No first-pass reported-EIN contradiction was flagged. Recipient name score versus identity name is 0.593. Ollama was skipped.,"{""candidate_id"": ""C1"", ""confidence"": 0.94, ""confidence_label"": ""high"", ""decision"": ""KEEP_REPORTED_EIN"", ""explanation"": ""Reported recipient EIN 946036493 was found in org_identity as 'UNIVERSITY OF CALIFORNIA SAN FRANCISCO' from bmf_name. No first-pass reported-EIN contradiction was flagged. Recipient name score versus identity name is 0.593. Ollama was skipped."", ""needs_human_review"": false, ""reason_codes"": [""reported_ein_present"", ""reported_ein_found_in_org_identity"", ""bmf_name"", ""recipient_name_weakly_agrees"", ""reported_ein_candidate_present""]}"
SIG_9b1a7913a4e5648d6099f96f5b41a4caafba8833,KEEP_REPORTED_EIN,C1,223511752,KOLLEL INTERNATIONAL INC,0.985,1,ok,,Reported recipient EIN 223511752 was found in org_identity as 'KOLLEL INTERNATIONAL INC' from bmf_name. No first-pass reported-EIN contradiction was flagged. Recipient name score versus identity name is 1.000. Ollama was skipped.,"{""candidate_id"": ""C1"", ""confidence"": 0.985, ""confidence_label"": ""high"", ""decision"": ""KEEP_REPORTED_EIN"", ""explanation"": ""Reported recipient EIN 223511752 was found in org_identity as 'KOLLEL INTERNATIONAL INC' from bmf_name. No first-pass reported-EIN contradiction was flagged. Recipient name score versus identity name is 1.000. Ollama was skipped."", ""needs_human_review"": false, ""reason_codes"": [""reported_ein_present"", ""reported_ein_found_in_org_identity"", ""bmf_name"", ""recipient_name_agrees"", ""reported_ein_candidate_present""]}"
SIG_686922c8e97e0d47da3ed023ccf3ab50513838a7,KEEP_REPORTED_EIN,C1,237098648,YESHIVA KEREN ORAH,0.985,1,ok,,Reported recipient EIN 237098648 was found in org_identity as 'YESHIVA KEREN ORAH' from bmf_name. No first-pass reported-EIN contradiction was flagged. Recipient name score versus identity name is 1.000. Ollama was skipped.,"{""candidate_id"": ""C1"", ""confidence"": 0.985, ""confidence_label"": ""high"", ""decision"": ""KEEP_REPORTED_EIN"", ""explanation"": ""Reported recipient EIN 237098648 was found in org_identity as 'YESHIVA KEREN ORAH' from bmf_name. No first-pass reported-EIN contradiction was flagged. Recipient name score versus identity name is 1.000. Ollama was skipped."", ""needs_human_review"": false, ""reason_codes"": [""reported_ein_present"", ""reported_ein_found_in_org_identity"", ""bmf_name"", ""recipient_name_agrees"", ""reported_ein_candidate_present""]}"
SIG_704a9ae8a954acebfa9062895861b950b958895a,KEEP_REPORTED_EIN,C1,042312909,MASS GENERAL BRIGHAM INCORPORATED,0.94,1,ok,,Reported recipient EIN 042312909 was found in org_identity as 'MASS GENERAL BRIGHAM INCORPORATED' from bmf_name. No first-pass reported-EIN contradiction was flagged. Recipient name score versus identity name is 0.391. Ollama was skipped.,"{""candidate_id"": ""C1"", ""confidence"": 0.94, ""confidence_label"": ""high"", ""decision"": ""KEEP_REPORTED_EIN"", ""explanation"": ""Reported recipient EIN 042312909 was found in org_identity as 'MASS GENERAL BRIGHAM INCORPORATED' from bmf_name. No first-pass reported-EIN contradiction was flagged. Recipient name score versus identity name is 0.391. Ollama was skipped."", ""needs_human_review"": false, ""reason_codes"": [""reported_ein_present"", ""reported_ein_found_in_org_identity"", ""bmf_name"", ""recipient_name_weakly_agrees"", ""reported_ein_candidate_present""]}"
SIG_115dea51dc769e947e1e2617446fd41d8ee9b51d,KEEP_REPORTED_EIN,C1,590714831,MAYO CLINIC,0.985,1,ok,,Reported recipient EIN 590714831 was found in org_identity as 'MAYO CLINIC' from bmf_name. No first-pass reported-EIN contradiction was flagged. Recipient name score versus identity name is 0.733. Ollama was skipped.,"{""candidate_id"": ""C1"", ""confidence"": 0.985, ""confidence_label"": ""high"", ""decision"": ""KEEP_REPORTED_EIN"", ""explanation"": ""Reported recipient EIN 590714831 was found in org_identity as 'MAYO CLINIC' from bmf_name. No first-pass reported-EIN contradiction was flagged. Recipient name score versus identity name is 0.733. Ollama was skipped."", ""needs_human_review"": false, ""reason_codes"": [""reported_ein_present"", ""reported_ein_found_in_org_identity"", ""bmf_name"", ""recipient_name_agrees"", ""reported_ein_candidate_present""]}"
SIG_ac24b4cf4122140c69c9a3047474d0a6f5044726,KEEP_REPORTED_EIN,C1,320344245,CONGREGATION OF HOLY CROSS UNITED STATES PROVINCE INC,0.94,1,ok,,Reported recipient EIN 320344245 was found in org_identity as 'CONGREGATION OF HOLY CROSS UNITED STATES PROVINCE INC' from bmf_name. No first-pass reported-EIN contradiction was flagged. Recipient name score versus identity name is 0.693. Ollama was skipped.,"{""candidate_id"": ""C1"", ""confidence"": 0.94, ""confidence_label"": ""high"", ""decision"": ""KEEP_REPORTED_EIN"", ""explanation"": ""Reported recipient EIN 320344245 was found in org_identity as 'CONGREGATION OF HOLY CROSS UNITED STATES PROVINCE INC' from bmf_name. No first-pass reported-EIN contradiction was flagged. Recipient name score versus identity name is 0.693. Ollama was skipped."", ""needs_human_review"": false, ""reason_codes"": [""reported_ein_present"", ""reported_ein_found_in_org_identity"", ""bmf_name"", ""recipient_name_weakly_agrees"", ""reported_ein_candidate_present""]}"
SIG_27f8465933e89adcf9247c42b203d452438e4b28,KEEP_REPORTED_EIN,C1,112558749,CONGREGATION AHAVAS TZDOKAH VCHESED INC,0.985,1,ok,,Reported recipient EIN 112558749 was found in org_identity as 'CONGREGATION AHAVAS TZDOKAH VCHESED INC' from bmf_name. No first-pass reported-EIN contradiction was flagged. Recipient name score versus identity name is 1.000. Ollama was skipped.,"{""candidate_id"": ""C1"", ""confidence"": 0.985, ""confidence_label"": ""high"", ""decision"": ""KEEP_REPORTED_EIN"", ""explanation"": ""Reported recipient EIN 112558749 was found in org_identity as 'CONGREGATION AHAVAS TZDOKAH VCHESED INC' from bmf_name. No first-pass reported-EIN contradiction was flagged. Recipient name score versus identity name is 1.000. Ollama was skipped."", ""needs_human_review"": false, ""reason_codes"": [""reported_ein_present"", ""reported_ein_found_in_org_identity"", ""bmf_name"", ""recipient_name_agrees"", ""reported_ein_candidate_present""]}"
SIG_fef1815a46d479ae570995510eacd9fdd8839cbc,KEEP_REPORTED_EIN,C1,621869024,HOUSE OF PRAISE AND WORSHIP CHURCH,0.985,1,ok,,Reported recipient EIN 621869024 was found in org_identity as 'HOUSE OF PRAISE AND WORSHIP CHURCH' from bmf_name. No first-pass reported-EIN contradiction was flagged. Recipient name score versus identity name is 1.000. Ollama was skipped.,"{""candidate_id"": ""C1"", ""confidence"": 0.985, ""confidence_label"": ""high"", ""decision"": ""KEEP_REPORTED_EIN"", ""explanation"": ""Reported recipient EIN 621869024 was found in org_identity as 'HOUSE OF PRAISE AND WORSHIP CHURCH' from bmf_name. No first-pass reported-EIN contradiction was flagged. Recipient name score versus identity name is 1.000. Ollama was skipped."", ""needs_human_review"": false, ""reason_codes"": [""reported_ein_present"", ""reported_ein_found_in_org_identity"", ""bmf_name"", ""recipient_name_agrees"", ""reported_ein_candidate_present""]}"
SIG_c43f0cd028bcdd3dfaec9f27c17fd581b4e81901,KEEP_REPORTED_EIN,C1,810583641,M Y KEREN HASHLUCHIM INC,0.985,1,ok,,Reported recipient EIN 810583641 was found in org_identity as 'M Y KEREN HASHLUCHIM INC' from bmf_name. No first-pass reported-EIN contradiction was flagged. Recipient name score versus identity name is 1.000. Ollama was skipped.,"{""candidate_id"": ""C1"", ""confidence"": 0.985, ""confidence_label"": ""high"", ""decision"": ""KEEP_REPORTED_EIN"", ""explanation"": ""Reported recipient EIN 810583641 was found in org_identity as 'M Y KEREN HASHLUCHIM INC' from bmf_name. No first-pass reported-EIN contradiction was flagged. Recipient name score versus identity name is 1.000. Ollama was skipped."", ""needs_human_review"": false, ""reason_codes"": [""reported_ein_present"", ""reported_ein_found_in_org_identity"", ""bmf_name"", ""recipient_name_agrees"", ""reported_ein_candidate_present""]}"
SIG_bdd9be96c452c8b77006878904fecbbab60edfd1,KEEP_REPORTED_EIN,C1,650246247,ONEHOPE INC,0.985,1,ok,,Reported recipient EIN 650246247 was found in org_identity as 'ONEHOPE INC' from bmf_name. No first-pass reported-EIN contradiction was flagged. Recipient name score versus identity name is 0.933. Ollama was skipped.,"{""candidate_id"": ""C1"", ""confidence"": 0.985, ""confidence_label"": ""high"", ""decision"": ""KEEP_REPORTED_EIN"", ""explanation"": ""Reported recipient EIN 650246247 was found in org_identity as 'ONEHOPE INC' from bmf_name. No first-pass reported-EIN contradiction was flagged. Recipient name score versus identity name is 0.933. Ollama was skipped."", ""needs_human_review"": false, ""reason_codes"": [""reported_ein_present"", ""reported_ein_found_in_org_identity"", ""bmf_name"", ""recipient_name_agrees"", ""reported_ein_candidate_present""]}"
SIG_b4ad1850ff8f81eed4b97fcd023e0fa4170ee50e,KEEP_REPORTED_EIN,C1,956006143,REGENTS UNIV OF CALIFORNIA,0.94,1,ok,,Reported recipient EIN 956006143 was found in org_identity as 'REGENTS UNIV OF CALIFORNIA' from bmf_name. No first-pass reported-EIN contradiction was flagged. Recipient name score versus identity name is 0.407. Ollama was skipped.,"{""candidate_id"": ""C1"", ""confidence"": 0.94, ""confidence_label"": ""high"", ""decision"": ""KEEP_REPORTED_EIN"", ""explanation"": ""Reported recipient EIN 956006143 was found in org_identity as 'REGENTS UNIV OF CALIFORNIA' from bmf_name. No first-pass reported-EIN contradiction was flagged. Recipient name score versus identity name is 0.407. Ollama was skipped."", ""needs_human_review"": false, ""reason_codes"": [""reported_ein_present"", ""reported_ein_found_in_org_identity"", ""bmf_name"", ""recipient_name_weakly_agrees"", ""reported_ein_candidate_present""]}"
SIG_3f1c526444e4652b71af175a423dedc6226021e8,KEEP_REPORTED_EIN,C1,956006173,CAMPUS CRUSADE FOR CHRIST INC,0.985,1,ok,,Reported recipient EIN 956006173 was found in org_identity as 'CAMPUS CRUSADE FOR CHRIST INC' from bmf_name. No first-pass reported-EIN contradiction was flagged. Recipient name score versus identity name is 1.000. Ollama was skipped.,"{""candidate_id"": ""C1"", ""confidence"": 0.985, ""confidence_label"": ""high"", ""decision"": ""KEEP_REPORTED_EIN"", ""explanation"": ""Reported recipient EIN 956006173 was found in org_identity as 'CAMPUS CRUSADE FOR CHRIST INC' from bmf_name. No first-pass reported-EIN contradiction was flagged. Recipient name score versus identity name is 1.000. Ollama was skipped."", ""needs_human_review"": false, ""reason_codes"": [""reported_ein_present"", ""reported_ein_found_in_org_identity"", ""bmf_name"", ""recipient_name_agrees"", ""reported_ein_candidate_present""]}"
SIG_353074a34633a5a79eda6c94e3b2c3243b98ed04,KEEP_REPORTED_EIN,C1,841908707,MASS GENERAL BRIGHAM INCORPORATED,0.94,1,ok,,Reported recipient EIN 841908707 was found in org_identity as 'MASS GENERAL BRIGHAM INCORPORATED' from bmf_name. No first-pass reported-EIN contradiction was flagged. Recipient name score versus identity name is 0.714. Ollama was skipped.,"{""candidate_id"": ""C1"", ""confidence"": 0.94, ""confidence_label"": ""high"", ""decision"": ""KEEP_REPORTED_EIN"", ""explanation"": ""Reported recipient EIN 841908707 was found in org_identity as 'MASS GENERAL BRIGHAM INCORPORATED' from bmf_name. No first-pass reported-EIN contradiction was flagged. Recipient name score versus identity name is 0.714. Ollama was skipped."", ""needs_human_review"": false, ""reason_codes"": [""reported_ein_present"", ""reported_ein_found_in_org_identity"", ""bmf_name"", ""recipient_name_weakly_agrees"", ""reported_ein_candidate_present""]}"
SIG_083a5b8db6f690d5a5a7247f11b130f6e1a06b59,KEEP_REPORTED_EIN,C1,591276272,DIOCESE OF SOUTHEAST FLORIDA INC,0.985,1,ok,,Reported recipient EIN 591276272 was found in org_identity as 'DIOCESE OF SOUTHEAST FLORIDA INC' from bmf_name. No first-pass reported-EIN contradiction was flagged. Recipient name score versus identity name is 0.983. Ollama was skipped.,"{""candidate_id"": ""C1"", ""confidence"": 0.985, ""confidence_label"": ""high"", ""decision"": ""KEEP_REPORTED_EIN"", ""explanation"": ""Reported recipient EIN 591276272 was found in org_identity as 'DIOCESE OF SOUTHEAST FLORIDA INC' from bmf_name. No first-pass reported-EIN contradiction was flagged. Recipient name score versus identity name is 0.983. Ollama was skipped."", ""needs_human_review"": false, ""reason_codes"": [""reported_ein_present"", ""reported_ein_found_in_org_identity"", ""bmf_name"", ""recipient_name_agrees"", ""reported_ein_candidate_present""]}"
SIG_c37f463eee4b45f2aec5d79420482bdaec8360d8,KEEP_REPORTED_EIN,C1,042312909,MASS GENERAL BRIGHAM INCORPORATED,0.985,1,ok,,Reported recipient EIN 042312909 was found in org_identity as 'MASS GENERAL BRIGHAM INCORPORATED' from bmf_name. No first-pass reported-EIN contradiction was flagged. Recipient name score versus identity name is 1.000. Ollama was skipped.,"{""candidate_id"": ""C1"", ""confidence"": 0.985, ""confidence_label"": ""high"", ""decision"": ""KEEP_REPORTED_EIN"", ""explanation"": ""Reported recipient EIN 042312909 was found in org_identity as 'MASS GENERAL BRIGHAM INCORPORATED' from bmf_name. No first-pass reported-EIN contradiction was flagged. Recipient name score versus identity name is 1.000. Ollama was skipped."", ""needs_human_review"": false, ""reason_codes"": [""reported_ein_present"", ""reported_ein_found_in_org_identity"", ""bmf_name"", ""recipient_name_agrees"", ""reported_ein_candidate_present""]}"
SIG_5616a678e22f98dc4e72cfc0d6b54a3b3ea52d9b,KEEP_REPORTED_EIN,C1,751517932,GLOBAL SPHERES CENTER,0.985,1,ok,,Reported recipient EIN 751517932 was found in org_identity as 'GLOBAL SPHERES CENTER' from bmf_name. No first-pass reported-EIN contradiction was flagged. Recipient name score versus identity name is 1.000. Ollama was skipped.,"{""candidate_id"": ""C1"", ""confidence"": 0.985, ""confidence_label"": ""high"", ""decision"": ""KEEP_REPORTED_EIN"", ""explanation"": ""Reported recipient EIN 751517932 was found in org_identity as 'GLOBAL SPHERES CENTER' from bmf_name. No first-pass reported-EIN contradiction was flagged. Recipient name score versus identity name is 1.000. Ollama was skipped."", ""needs_human_review"": false, ""reason_codes"": [""reported_ein_present"", ""reported_ein_found_in_org_identity"", ""bmf_name"", ""recipient_name_agrees"", ""reported_ein_candidate_present""]}"
SIG_4a8e67febfec78be9157c4996976bef75017f181,KEEP_REPORTED_EIN,C1,680338225,SONOMA STATE UNIVERSITY,0.985,1,ok,,Reported recipient EIN 680338225 was found in org_identity as 'SONOMA STATE UNIVERSITY' from bmf_name. No first-pass reported-EIN contradiction was flagged. Recipient name score versus identity name is 1.000. Ollama was skipped.,"{""candidate_id"": ""C1"", ""confidence"": 0.985, ""confidence_label"": ""high"", ""decision"": ""KEEP_REPORTED_EIN"", ""explanation"": ""Reported recipient EIN 680338225 was found in org_identity as 'SONOMA STATE UNIVERSITY' from bmf_name. No first-pass reported-EIN contradiction was flagged. Recipient name score versus identity name is 1.000. Ollama was skipped."", ""needs_human_review"": false, ""reason_codes"": [""reported_ein_present"", ""reported_ein_found_in_org_identity"", ""bmf_name"", ""recipient_name_agrees"", ""reported_ein_candidate_present""]}"
SIG_d05bf45a1b80eedd75e61aea74ea1cec08858ee2,KEEP_REPORTED_EIN,C1,953095682,FRONTIER MISSION FELLOWSHIP,0.94,1,ok,,Reported recipient EIN 953095682 was found in org_identity as 'FRONTIER MISSION FELLOWSHIP' from bmf_name. No first-pass reported-EIN contradiction was flagged. Recipient name score versus identity name is 0.683. Ollama was skipped.,"{""candidate_id"": ""C1"", ""confidence"": 0.94, ""confidence_label"": ""high"", ""decision"": ""KEEP_REPORTED_EIN"", ""explanation"": ""Reported recipient EIN 953095682 was found in org_identity as 'FRONTIER MISSION FELLOWSHIP' from bmf_name. No first-pass reported-EIN contradiction was flagged. Recipient name score versus identity name is 0.683. Ollama was skipped."", ""needs_human_review"": false, ""reason_codes"": [""reported_ein_present"", ""reported_ein_found_in_org_identity"", ""bmf_name"", ""recipient_name_weakly_agrees"", ""reported_ein_candidate_present""]}"
SIG_abfe3130ba794e0bc3e9a1b2202de5cac5376b4a,KEEP_REPORTED_EIN,C1,112728233,UNITED JEWISH ORGANIZATIONS OF WILLIAMSBURG INC,0.985,1,ok,,Reported recipient EIN 112728233 was found in org_identity as 'UNITED JEWISH ORGANIZATIONS OF WILLIAMSBURG INC' from bmf_name. No first-pass reported-EIN contradiction was flagged. Recipient name score versus identity name is 1.000. Ollama was skipped.,"{""candidate_id"": ""C1"", ""confidence"": 0.985, ""confidence_label"": ""high"", ""decision"": ""KEEP_REPORTED_EIN"", ""explanation"": ""Reported recipient EIN 112728233 was found in org_identity as 'UNITED JEWISH ORGANIZATIONS OF WILLIAMSBURG INC' from bmf_name. No first-pass reported-EIN contradiction was flagged. Recipient name score versus identity name is 1.000. Ollama was skipped."", ""needs_human_review"": false, ""reason_codes"": [""reported_ein_present"", ""reported_ein_found_in_org_identity"", ""bmf_name"", ""recipient_name_agrees"", ""reported_ein_candidate_present""]}"
SIG_46175831441cd16e6442567fbb2fafcc1bab259a,KEEP_REPORTED_EIN,C1,571098556,MEDICAL UNIVERSITY HOSPITAL AUTHORITY,0.985,1,ok,,Reported recipient EIN 571098556 was found in org_identity as 'MEDICAL UNIVERSITY HOSPITAL AUTHORITY' from bmf_name. No first-pass reported-EIN contradiction was flagged. Recipient name score versus identity name is 1.000. Ollama was skipped.,"{""candidate_id"": ""C1"", ""confidence"": 0.985, ""confidence_label"": ""high"", ""decision"": ""KEEP_REPORTED_EIN"", ""explanation"": ""Reported recipient EIN 571098556 was found in org_identity as 'MEDICAL UNIVERSITY HOSPITAL AUTHORITY' from bmf_name. No first-pass reported-EIN contradiction was flagged. Recipient name score versus identity name is 1.000. Ollama was skipped."", ""needs_human_review"": false, ""reason_codes"": [""reported_ein_present"", ""reported_ein_found_in_org_identity"", ""bmf_name"", ""recipient_name_agrees"", ""reported_ein_candidate_present""]}"
SIG_6955af072da9ae3273639d6fbf5cb43e570ecab5,KEEP_REPORTED_EIN,C1,830919609,CUES SCHOOL SYSTEM,0.985,1,ok,,Reported recipient EIN 830919609 was found in org_identity as 'CUES SCHOOL SYSTEM' from bmf_name. No first-pass reported-EIN contradiction was flagged. Recipient name score versus identity name is 1.000. Ollama was skipped.,"{""candidate_id"": ""C1"", ""confidence"": 0.985, ""confidence_label"": ""high"", ""decision"": ""KEEP_REPORTED_EIN"", ""explanation"": ""Reported recipient EIN 830919609 was found in org_identity as 'CUES SCHOOL SYSTEM' from bmf_name. No first-pass reported-EIN contradiction was flagged. Recipient name score versus identity name is 1.000. Ollama was skipped."", ""needs_human_review"": false, ""reason_codes"": [""reported_ein_present"", ""reported_ein_found_in_org_identity"", ""bmf_name"", ""recipient_name_agrees"", ""reported_ein_candidate_present""]}"
SIG_8ef07fd27bd4538e3ceccc98d6e5ec8f598cd61f,KEEP_REPORTED_EIN,C1,540505886,CHURCH SCHOOLS IN THE DIOCESE OF VIRGINIA,0.94,1,ok,,Reported recipient EIN 540505886 was found in org_identity as 'CHURCH SCHOOLS IN THE DIOCESE OF VIRGINIA' from bmf_name. No first-pass reported-EIN contradiction was flagged. Recipient name score versus identity name is 0.611. Ollama was skipped.,"{""candidate_id"": ""C1"", ""confidence"": 0.94, ""confidence_label"": ""high"", ""decision"": ""KEEP_REPORTED_EIN"", ""explanation"": ""Reported recipient EIN 540505886 was found in org_identity as 'CHURCH SCHOOLS IN THE DIOCESE OF VIRGINIA' from bmf_name. No first-pass reported-EIN contradiction was flagged. Recipient name score versus identity name is 0.611. Ollama was skipped."", ""needs_human_review"": false, ""reason_codes"": [""reported_ein_present"", ""reported_ein_found_in_org_identity"", ""bmf_name"", ""recipient_name_weakly_agrees"", ""reported_ein_candidate_present""]}"
